{
	"header_saml20_sp": {
		"no": "SAML 2.0 SP Demo Eksempel",
		"nn": "Demonstrasjon av SAML 2.0 SP",
		"sv": "SAML 2.0 SP demoexempel",
		"es": "Ejemplo de SAML 2.0 SP",
		"fr": "Exemple de d\u00e9monstration de SP SAML 2.0",
		"de": "SAML 2.0 SP Demo Beispiel",
		"nl": "SAML 2.0 SP Demo",
		"sl": "SAML 2.0 SP Demo primer",
		"da": "SAML 2.0 tjenesteudbyder-demo",
		"hr": "Primjer SAML 2.0 davatelja usluge",
		"hu": "SAML 2.0 SP pr\u00f3ba p\u00e9lda",
		"fi": "SAML 2.0 SP esimerkki",
		"pt-br": "SAML 2.0 SP Exemplo",
		"pt": "Exemplo de demonstra\u00e7\u00e3o do SP SAML 2.0",
		"pl": "Przyk\u0142adowe Demo SAML 2.0 SP",
		"cs": "SAML 2.0 SP Demo",
		"eu": "SAML 2.0 SP Adibidea",
		"tr": "SAML 2.0 SP Demo \u00d6rne\u011fi",
		"it": "Demo di SAML 2.0 SP",
		"lt": "SAML 2.0 SP Demonstracin\u0117s versijos Pavyzdys",
		"ja": "SAML 2.0 SP \u30c7\u30e2\u4f8b",
		"zh-tw": "SAML 2.0 SP Demo \u7bc4\u4f8b",
		"et": "SAML 2.0 SP demon\u00e4ide",
		"he": "\u05d4\u05d3\u05d2\u05de\u05ea \u05d3\u05d5\u05d2\u05de\u05d4 \u05dc\u05e1\"\u05e9 \u05de\u05e1\u05d5\u05d2 SAML 2.0",
		"zh": "SAML 2.0 SP\u6f14\u793a\u6848\u4f8b",
		"ar": "\u0627\u0633\u062a\u0639\u0631\u0627\u0636 \u0645\u062b\u0627\u0644 \u0644 SAML 2.0 SP",
		"lv": "SAML 2.0 SP demonstr\u0101cijas piem\u0113rs",
		"id": "Contoh Demo SAML 2.0 SP",
		"sr": "SAML 2.0 SP Demo Primer",
		"ro": "Exemplu demonstrativ de furnizor de servicii SAML 2.0",
		"ru": "\u0414\u0435\u043c\u043e \u043f\u0440\u0438\u043c\u0435\u0440 \u0441\u0435\u0440\u0432\u0438\u0441 \u043f\u0440\u043e\u0432\u0430\u0439\u0434\u0435\u0440\u0430 SAML 2.0 SP",
		"el": "\u0394\u03bf\u03ba\u03b9\u03bc\u03b1\u03c3\u03c4\u03b9\u03ba\u03cc\u03c2 \u03a0\u03b1\u03c1\u03bf\u03c7\u03ad\u03b1\u03c2 \u03a5\u03c0\u03b7\u03c1\u03b5\u03c3\u03b9\u03ce\u03bd SAML 2.0",
		"zu": "Isampula Ledemo Ye-SAML 2.0 SP",
		"xh": "Umzekelo weDemo we-SAML 2.0 SP",
		"st": "Mohlala wa Pontsho wa SAML 2.0 SP",
		"ca": "Exemple de demostració SAML 2.0 SP"
	},
	"header_shib": {
		"no": "Shibboleth Demo",
		"nn": "Demonstrasjon av Shibboleth",
		"sv": "Shibboleth demoexempel",
		"es": "Ejemplo Shibboleth",
		"fr": "Exemple de d\u00e9monstration de Shibboleth",
		"de": "Shibboleth Demo",
		"nl": "Shibboleth demo",
		"sl": "Shibboleth demo primer",
		"da": "Shibboleth-demo",
		"hr": "Shibboleth primjer",
		"hu": "Shibboleth pr\u00f3ba",
		"fi": "Shibboleth esimerkki",
		"pt-br": "Shibboleth Demo",
		"pt": "Exemplo de demonstra\u00e7\u00e3o do SP Shibboleth 1.3",
		"pl": "Demo Shibboleth",
		"cs": "Shibboleth demo",
		"eu": "Shibboleth Adibidea",
		"tr": "Shibboleth demo",
		"it": "Demo di Shibboleth",
		"lt": "Shibboleth demonstracin\u0117 versija",
		"ja": "Shibboleth \u30c7\u30e2",
		"zh-tw": "Shibboleth Demo",
		"et": "Shibbolethi demo",
		"he": "\u05d4\u05d3\u05d2\u05de\u05d4 \u05dc- Shibboleth",
		"zh": "Shibboleth\u6f14\u793a",
		"ar": "\u0627\u0633\u062a\u0639\u0631\u0627\u0636 Shibboleth",
		"lv": "Shibboleth demo",
		"id": "Demo Shibboleth",
		"sr": "Shibboleth Demo",
		"ro": "Demo Shibboleth",
		"ru": "Shibboleth \u0434\u0435\u043c\u043e",
		"el": "\u0394\u03bf\u03ba\u03b9\u03bc\u03b1\u03c3\u03c4\u03b9\u03ba\u03cc\u03c2 \u03a0\u03b1\u03c1\u03bf\u03c7\u03ad\u03b1\u03c2 \u03a5\u03c0\u03b7\u03c1\u03b5\u03c3\u03b9\u03ce\u03bd Shibboleth",
		"xh": "Idemo ye-Shibboleth",
		"zu": "Idemo ye-Shibboleth",
		"st": "Pontsho ya Shibboleth",
		"ca": "Exemple de demostració Shibboleth"
	},
	"header_diagnostics": {
		"no": "SimpleSAMLphp diagnostikk",
		"nn": "Feils\u00f8king av SimpleSAMLphp",
		"sv": "SimpleSAMLphp diagnostik ",
		"es": "Diagn\u00f3stico SimpleSAMLphp",
		"fr": "Diagnostics SimpleSAMLphp",
		"de": "SimpleSAMLphp Diagnose",
		"nl": "SimpleSAMLphp controle",
		"sl": "SimpleSAMLphp diagnostika",
		"da": "SimpleSAMLphp diagnostik",
		"hr": "SimpleSAMLphp dijagnostika",
		"hu": "SimpleSAMLphp hibakeres\u00e9s",
		"fi": "SimpleSAMLphp diagnostiikka",
		"pt-br": "Diagn\u00f3sticos do SimpleSAMLphp",
		"pt": "Diagn\u00f3sticos do SimpleSAMLphp",
		"pl": "Diagnostyka SimpleSAMLphp",
		"cs": "SimpleSAMLphp diagnostika",
		"eu": "SimpleSAMLphp Diagnostikoa",
		"tr": "SimpleSAMLphp Kontroller",
		"it": "Diagnostici di SimpleSAMLphp",
		"lt": "SimpleSAMLphp Diagnostika",
		"ja": "SimpleSAMLphp \u8a3a\u65ad",
		"zh-tw": "SimpleSAMLphp \u8a3a\u65b7",
		"et": "SimpleSAMLphp diagnostika",
		"he": "\u05d0\u05d9\u05d1\u05d7\u05d5\u05df SimpleSAMLphp",
		"zh": "SimpleSAMLphp \u8bca\u65ad",
		"ar": "\u062a\u0634\u062e\u064a\u0635 SimpleSAMLphp",
		"lv": "SimpleSAMLphp diagnostika",
		"id": "Diagnostik SimpleSAMLphp",
		"sr": "SimpleSAMLphp Dijagnostika",
		"ro": "Diagnostic SimpleSAMLphp",
		"ru": "\u0414\u0438\u0430\u0433\u043d\u043e\u0441\u0442\u0438\u043a\u0430 SimpleSAMLphp",
		"el": "\u0394\u03b9\u03b1\u03b3\u03bd\u03c9\u03c3\u03c4\u03b9\u03ba\u03ac SimpleSAMLphp",
		"zu": "Ukuhlonzwa Kwe-SimpleSAMLphp",
		"xh": "Uhlalutyo lwe-SimpleSAMLphp",
		"st": "Dimanollo tsa SimpleSAMLphp",
		"ca": "Diagnòstic SimpleSAMLphp"
	},
	"some_error_occurred": {
		"no": "En feil har oppst\u00e5tt",
		"nn": "Ein feilsituasjon oppsto",
		"sv": "Ett fel har intr\u00e4ffat",
		"es": "Se produjo un error",
		"fr": "Une erreur est survenue",
		"de": "Es ist ein Fehler aufgetreten",
		"nl": "Er is een fout opgetreden",
		"sl": "Pri\u0161lo je do napake!",
		"da": "En fejl opstod.",
		"hr": "Pojavila se gre\u0161ka",
		"hu": "Hiba t\u00f6rt\u00e9nt",
		"fi": "Virhe",
		"pt-br": "Ocorreu algum erro",
		"pt": "Ocorreu um erro",
		"pl": "Wystapi\u0142 jaki\u015b b\u0142\u0105d",
		"cs": "Nalezena chyba",
		"eu": "Errore bat jazo da",
		"tr": "Hata olu\u015ftu",
		"it": "Si \u00e8 verificato un errore",
		"lt": "\u012evyko tam tikra klaida",
		"ja": "\u5e7e\u3064\u304b\u306e\u30a8\u30e9\u30fc\u304c\u767a\u751f\u3057\u307e\u3057\u305f",
		"zh-tw": "\u6709\u932f\u8aa4\u767c\u751f",
		"et": "Ilmnes mingi t\u00f5rge",
		"he": "\u05d4\u05ea\u05e8\u05d7\u05e9\u05d4 \u05e9\u05d2\u05d9\u05d0\u05d4",
		"zh": "\u67d0\u4e9b\u9519\u8bef\u53d1\u751f\u4e86",
		"ar": "\u0644\u0642\u062f \u062d\u062f\u062b \u062e\u0637\u0627 \u0645\u0627",
		"lv": "Notikusi k\u013c\u016bda",
		"id": "Beberapa error telah terjadi",
		"sr": "Desila se gre\u0161ka",
		"ro": "A ap\u0103rut o eroare",
		"ru": "\u041f\u0440\u043e\u0438\u0437\u043e\u0448\u043b\u0430 \u043e\u0448\u0438\u0431\u043a\u0430",
		"el": "\u03a3\u03c5\u03bd\u03ad\u03b2\u03b7 \u03c3\u03c6\u03ac\u03bb\u03bc\u03b1",
		"zu": "Kuvele iphutha elithile",
		"xh": "Kwenzeke impazamo ethile",
		"st": "Ho na le phoso e etsahetseng",
		"ca": "S'ha produït un error"
	},
	"intro": {
		"no": "Hei, dette er en statusside p\u00e5 SimpleSAMLphp. Her kan du se om sesjonen din er timet ut, hvor lenge det er til den timer ut og attributter som er knyttet til din sesjon.",
		"nn": "Hei, dette er statussida for SimpleSAMLphp.  Her kan du sj\u00e5 om sesjonen din er gyldig, kor lenge han varer og du kan sj\u00e5 alle attributt som blir brukte i sesjonen din.",
		"sv": "Detta \u00e4r stutussidan f\u00f6r SimpleSAMLphp. H\u00e4r kan du se om sessions giltig har g\u00e5tt ut, hur l\u00e4nge det dr\u00f6jer innan den g\u00e5r ut samt alla attribut som tillh\u00f6r sessionen.",
		"es": "Hola, esta es la p\u00e1gina de estado de SimpleSAMLphp. Desde aqu\u00ed puede ver si su sesi\u00f3n ha caducado, cuanto queda hasta que lo haga y todos los atributos existentes en su sesi\u00f3n.",
		"fr": "Bonjour, vous \u00eates sur la page de statut de SimpleSAMLphp. Vous pouvez consulter ici le temps restant sur votre session, ainsi que les attributs qui y sont attach\u00e9s.",
		"de": "Hallo, das ist die Statusseite von SimpleSAMLphp. Hier k\u00f6nnen Sie sehen, ob Ihre Sitzung ausgelaufen ist, wie lange die Sitzung noch g\u00fcltig ist und alle Attribute Ihrer Sitzung.",
		"nl": "Dit is de overzichtspagina van SimpleSAMLphp. Hier kunt u zien of uw sessie nog geldig is, hoe lang het nog duurt voordat deze verloopt, en u kunt alle attributen bekijken die aanwezig zijn in deze sessie.",
		"sl": "\u017divjo! To je statusna stran SimpleSAMLphp, ki omogo\u010da pregled nad trajanjem va\u0161e trenutne seje in atributi, ki so povezani z njo.",
		"da": "Dette er statussiden for SimpleSAMLphp. Du kan se om din session er udl\u00f8bet, hvor lang tid der er til at den udl\u00f8ber, samt alle \u00f8vrige oplysninger om din session.",
		"hr": "Ovo je stranica s prikazom aktualnog stanja Single Sign-On sjednice. Na ovoj stranici mo\u017eete vidjeti je li vam istekla sjednica, koliko \u0107e jo\u0161 dugo va\u0161a sjednica trajati te sve atribute koji su vezani uz va\u0161u sjednicu.",
		"hu": "\u00dcdv\u00f6z\u00f6lj\u00fck, ez a SimpleSAMLphp st\u00e1tus oldala. Itt l\u00e1thatja, ha lej\u00e1rt a munkamenete, mikor l\u00e9pett be utolj\u00e1ra \u00e9s a munkamenethez tartoz\u00f3 attrib\u00fatumokat.",
		"fi": "T\u00e4m\u00e4 on SimpleSAMLphp:n statussivu. N\u00e4et onko istuntosi voimassa, kauanko se on voimassa ja kaikki istuuntosi liitetyt attribuutit.",
		"pt-br": "Ol\u00e1, esta \u00e9 a p\u00e1gina de status SimpleSAMLphp. Aqui voc\u00ea pode ver \u00e9 se a sua sess\u00e3o expirou, o tempo que dura at\u00e9 ele expirar e todos os atributos que est\u00e3o anexados \u00e0 sua sess\u00e3o.",
		"pt": "Est\u00e1 na p\u00e1gina de status do SimpleSAMLphp. Aqui poder\u00e1 consultar informa\u00e7\u00f5es sobre a sua sess\u00e3o: o tempo de expira\u00e7\u00e3o e os seus atributos.",
		"pl": "Hej, to jest status strony SimpleSAMLphp. Tutaj mo\u017cesz zaboaczy\u0107, czy Twoja sesja jest nadal aktywna, jak d\u0142ugo pozosta\u0142o czasu do zako\u0144czenia sesji i wszystkie atrybuty, kt\u00f3re zosta\u0142y za\u0142\u0105czone do sesji.",
		"cs": "V\u00edtejte na informa\u010dn\u00ed str\u00e1nce. Zde uvid\u00edte, pokud vypr\u0161elo va\u0161e sezen\u00ed, jak dlouho jste pry\u010d a v\u0161echny atributy p\u0159ipojen\u00e9 k va\u0161emu sezen\u00ed.",
		"tr": "Merhaba, bu SimpleSAMLphp durum sayfas\u0131d\u0131r. Oturumunuzun s\u00fcresinin dolup dolmad\u0131\u011f\u0131n\u0131, oturumunuzun ne kadar s\u00fcrd\u00fc\u011f\u00fcn\u00fc ve oturumunuza ait t\u00fcm bilgileri buradan g\u00f6rebilirsiniz.",
		"it": "Salve, questa \u00e8 la pagina di stato di SimpleSAMLphp. Qui \u00e8 possiible vedere se la sessione \u00e8 scaduta, quanto \u00e8 durata prima di scadere e tutti gli attributi ad essa collegati.",
		"lt": "Sveikia, \u010dia SimpleSAMLphp b\u016bsenos tinklapis. \u010cia galite pamatyti, ar J\u016bs\u0173 sesija turi laiko apribojim\u0105, kiek trunka tas laiko apribojimas bei kitus J\u016bs\u0173 sesijai priskirtus atributus.",
		"ja": "\u3053\u3093\u306b\u3061\u306f\u3001\u3053\u3053\u306f SimpleSAMLphp\u306e\u30b9\u30c6\u30fc\u30bf\u30b9\u30da\u30fc\u30b8\u3067\u3059\u3002\u3053\u3053\u3067\u306f\u30bb\u30c3\u30b7\u30e7\u30f3\u306e\u30bf\u30a4\u30e0\u30a2\u30a6\u30c8\u6642\u9593\u3084\u30bb\u30c3\u30b7\u30e7\u30f3\u306b\u7d50\u3073\u3064\u3051\u3089\u308c\u305f\u5c5e\u6027\u60c5\u5831\u3092\u898b\u308b\u3053\u3068\u304c\u51fa\u6765\u307e\u3059\u3002",
		"zh-tw": "\u563f\uff0c\u9019\u662f SimpleSAMLphp \u72c0\u614b\u9801\uff0c\u5728\u9019\u908a\u60a8\u53ef\u4ee5\u770b\u5230\u60a8\u7684\u9023\u7dda\u662f\u5426\u903e\u6642\uff0c\u4ee5\u53ca\u9084\u6709\u591a\u4e45\u624d\u903e\u6642\uff0c\u6240\u6709\u5c6c\u6027\u503c (attributes) \u90fd\u6703\u9644\u52a0\u5728\u4f60\u7684\u9023\u7dda (session) \u88e1\u3002",
		"et": "Tere! See on SimpleSAMLphp olekuteave. Siit on v\u00f5imalik n\u00e4ha, kas su sessioon on aegunud, kui kaua see veel kestab ja k\u00f5iki teisi sessiooniga seotud atribuute.",
		"he": "\u05e9\u05dc\u05d5\u05dd, \u05d6\u05d4\u05d5 \u05d3\u05e3 \u05d4\u05de\u05e6\u05d1 \u05e9\u05dc SimpleSAMLphp. \u05db\u05d0\u05df \u05d0\u05e4\u05e9\u05e8 \u05dc\u05e8\u05d0\u05d5\u05ea \u05d0\u05dd \u05d4\u05e9\u05d9\u05d7\u05d4 \u05d4\u05d5\u05e4\u05e1\u05e7\u05d4, \u05db\u05de\u05d4 \u05d6\u05de\u05df \u05d4\u05d9\u05d0 \u05ea\u05de\u05e9\u05d9\u05da \u05e2\u05d3 \u05dc\u05d4\u05e4\u05e1\u05e7\u05ea\u05d4 \u05d5\u05db\u05dc \u05d4\u05ea\u05db\u05d5\u05e0\u05d5\u05ea \u05d4\u05de\u05e6\u05d5\u05e8\u05e4\u05d5\u05ea \u05dc\u05e9\u05d9\u05d7\u05d4.",
		"zh": "\u55e8\uff0c\u8fd9\u662fSimpleSAMLphp\u72b6\u6001\u9875\u3002\u8fd9\u91cc\u4f60\u53ef\u4ee5\u770b\u5230\uff0c\u5982\u679c\u60a8\u7684\u4f1a\u8bdd\u8d85\u65f6\uff0c\u5b83\u6301\u7eed\u591a\u4e45\uff0c\u76f4\u5230\u8d85\u65f6\u548c\u8fde\u63a5\u5230\u60a8\u7684\u4f1a\u8bdd\u7684\u6240\u6709\u5c5e\u6027\u3002",
		"ar": "\u0645\u0631\u062d\u0628\u0627\u064b \u0628\u0643\u0645 \u0641\u064a \u0635\u0641\u062d\u0629 \u062d\u0627\u0644\u0629 SimpleSAMLphp. \u064a\u0645\u0643\u0646\u0643 \u0647\u0646\u0627 \u0645\u0631\u0627\u0642\u0628\u0629 \u0648\u0642\u062a \u0627\u0646\u062a\u0647\u0627\u0621 \u062c\u0644\u0633\u062a\u0643\u060c \u0641\u062a\u0631\u0629 \u0627\u0633\u062a\u0645\u0631\u0627\u0631\u0647\u0627\u060c \u0645\u062a\u064a \u0633\u062a\u0646\u062a\u0647\u064a \u0648 \u062c\u0645\u064a\u0639 \u0627\u0644\u0633\u0645\u0627\u062a \u0627\u0644\u0645\u0631\u062a\u0628\u0637\u0629 \u0628\u0627\u0644\u062c\u0644\u0633\u0629",
		"lv": "\u0160\u012b ir SimpleSAMLphp statusa lapa. Te J\u016bs varat redz\u0113t vai J\u016bsu sesija ir p\u0101rtraukta, cik ilgi t\u0101 bijusi akt\u012bva un visus ar to saist\u012btos atrib\u016btus.",
		"id": "Hai, ini adalah halaman status dari SimpleSAMLphp. Disini anda dapat melihat jika session anda telah time out, berapa lama ia berlaku sampai time out dan semua attribut yang menempel pada session anda.",
		"sr": "Ovo je stranica s prikazom aktuelnog stanja va\u0161e sesije. Na ovoj stranici mo\u017eete videti je li vam je istekla sesija, koliko \u0107e jo\u0161 dugo va\u0161a sesija trajati i sve atribute koji su vezani uz va\u0161u sesiju.",
		"ro": "Aceasta este pagina de stare pentru SimpleSAMLphp. Aici pute\u021bi verifica dac\u0103 sesiunea dumneavoastr\u0103 a expirat, c\u00e2t timp mai este p\u00e2n\u0103 la expirarea sesiunii precum \u0219i toate atributele ata\u0219ate sesiunii dumneavoastr\u0103.",
		"ru": "\u042d\u0442\u043e \u0441\u0442\u0440\u0430\u043d\u0438\u0446\u0430 \u0441\u043e \u0441\u0442\u0430\u0442\u0443\u0441\u043e\u043c SimpleSAMLphp. \u041c\u043e\u0436\u043d\u043e \u043e\u0431\u043d\u0430\u0440\u0443\u0436\u0438\u0442\u044c \u0441\u043b\u0443\u0447\u0430\u0438 \u043e\u043a\u043e\u043d\u0447\u0430\u043d\u0438\u044f \u0441\u0435\u0441\u0441\u0438\u0438, \u043f\u0440\u043e\u0434\u043e\u043b\u0436\u0438\u0442\u0435\u043b\u044c\u043d\u043e\u0441\u0442\u044c \u0441\u0435\u0441\u0441\u0438\u0438 \u0434\u043e \u0438\u0441\u0442\u0435\u0447\u0435\u043d\u0438\u044f \u0441\u0440\u043e\u043a\u0430 \u0434\u0435\u0439\u0441\u0442\u0432\u0438\u044f \u0438 \u0432\u0441\u0435 \u0430\u0442\u0440\u0438\u0431\u0443\u0442\u044b \u0432 \u0434\u0430\u043d\u043d\u043e\u0439 \u0441\u0435\u0441\u0441\u0438\u0438.",
		"eu": "Kaixo, hau SimpleSAMLphp-ren egoera orria da. Hemendik ikus dezakezu zure saioa iraungi den, zenbat denbora geratzen den hau gerta dadin eta zure saioan dauden atributu guztiak.",
		"el": "\u03a7\u03b1\u03af\u03c1\u03b5\u03c4\u03b5, \u03b1\u03c5\u03c4\u03ae \u03b5\u03af\u03bd\u03b1\u03b9 \u03b7 \u03c3\u03b5\u03bb\u03af\u03b4\u03b1 \u03ba\u03b1\u03c4\u03ac\u03c3\u03c4\u03b1\u03c3\u03b7\u03c2 \u03c4\u03bf\u03c5 SimpleSAMLphp. \u0395\u03b4\u03ce \u03bc\u03c0\u03bf\u03c1\u03b5\u03af\u03c4\u03b5 \u03bd\u03b1 \u03b4\u03b5\u03af\u03c4\u03b5 \u03b1\u03bd \u03b7 \u03c3\u03c5\u03bd\u03b5\u03b4\u03c1\u03af\u03b1 \u03c3\u03b1\u03c2 \u0028\u0073\u0065\u0073\u0073\u0069\u006f\u006e\u0029 \u03ad\u03c7\u03b5\u03b9 \u03bb\u03ae\u03be\u03b5\u03b9\u002c \u03c4\u03bf \u03c7\u03c1\u03bf\u03bd\u03b9\u03ba\u03cc \u03b4\u03b9\u03ac\u03c3\u03c4\u03b7\u03bc\u03b1 \u03c0\u03bf\u03c5 \u03b4\u03b9\u03b1\u03c1\u03ba\u03b5\u03af \u03ad\u03c9\u03c2 \u03cc\u03c4\u03bf\u03c5 \u03bb\u03ae\u03be\u03b5\u03b9\u002c \u03ba\u03b1\u03b8\u03ce\u03c2 \u03ba\u03b1\u03b9 \u03cc\u03bb\u03b5\u03c2 \u03c4\u03b9\u03c2 \u03c0\u03bb\u03b7\u03c1\u03bf\u03c6\u03bf\u03c1\u03af\u03b5\u03c2 \u03c0\u03bf\u03c5 \u03c3\u03c5\u03bd\u03b4\u03ad\u03bf\u03bd\u03c4\u03b1\u03b9 \u03bc\u03b5 \u03c4\u03b7 \u03c3\u03c5\u03bd\u03b5\u03b4\u03c1\u03af\u03b1 \u03c3\u03b1\u03c2.",
		"zu": "Sawubona, leli ikhasi lesimo se-SimpleSAMLphp. Lapha ungakwazi ukubona ukuthi iseshini yakho iphelelwe isikhathi yini, ukuthi ihlala isikhathi eside kangakanani ngaphambi kokuthi iphelelwe isikhathi kanye nazo zonke izici ezihambisana neseshini yakho.",
		"xh": "Molo, eli likhasi lobume be-SimpleSAMLphp. Apha ungabona ukuba ngaba iseshoni yakho iphelelwe lixesha, iza kuhlala ixesha elide kangakanani ngaphambi kokuba iphelelwe nazo zonke iimpawu ezincanyathiselweyo kwiseshoni yakho.",
		"st": "Dumela, lena ke leqephe la boemo la SimpleSAMLphp. Mona o ka bona hore na seshene ya hao e feletswe ke nako na, hore e nka nako e kae hore e fellwe ke nako le makgabane ohle a hoketsweng sesheneng ya hao.",
		"ca": "Hola, aquesta és la pàgina d'estat de SimpleSAMLphp. Aquí podeu veure si la vostra sessió ha caducat, quant de temps dura fins que finalitza el temps i tots els atributs que s'adjunten a la vostra sessió."
	},
	"validfor": {
		"no": "Din sesjon er gyldig i %SECONDS% sekunder fra n\u00e5.",
		"nn": "Din sesjon er gyldig i %SECONDS% sekund fr\u00e5 no.",
		"sv": "Din session \u00e4r giltig f\u00f6r %SECONDS% sekunder fr\u00e5n nu.",
		"es": "Su sesi\u00f3n ser\u00e1 valida durante %SECONDS% segundos.",
		"fr": "Votre session est encore valide pour %SECONDS% secondes.",
		"de": "Ihre Sitzung ist noch f\u00fcr %SECONDS% g\u00fcltig.",
		"nl": "Uw sessie is nog %SECONDS% seconden geldig vanaf dit moment.",
		"sl": "Va\u0161a trenutna seja je veljavna \u0161e %SECONDS% sekund.",
		"da": "Du har %SECONDS% tilbage af din session",
		"hr": "Va\u0161a sjednica bit \u0107e valjana jo\u0161 %SECONDS% sekundi.",
		"hu": "Az \u00f6n munkamenete m\u00e9g %SECONDS% m\u00e1sodpercig \u00e9rv\u00e9nyes",
		"fi": "Istuntosi on viel\u00e4 voimassa %SECONDS% sekuntia",
		"pt-br": "Sua sess\u00e3o \u00e9 v\u00e1lida por %SECONDS% segundos a partir de agora.",
		"pt": "A sua sess\u00e3o \u00e9 v\u00e1lida por %SECONDS% segundos.",
		"pl": "Twoja sesja jest jeszcze wa\u017cna przez %SECONDS% sekund",
		"cs": "Va\u0161e sezen\u00ed je platn\u00e9 %SECONDS% sekund od te\u010f.",
		"tr": "Oturumunuz, \u015fu andan itibaren %SECONDS% saniyeli\u011fine ge\u00e7erlidir.",
		"it": "La tua sessione \u00e8 valida per ulteriori %SECONDS% secondi.",
		"lt": "J\u016bs\u0173 sesija galioja %SECONDS% sekund\u017ei\u0173, skai\u010diuojant nuo \u0161io momento.",
		"ja": "\u30bb\u30c3\u30b7\u30e7\u30f3\u306f\u4eca\u304b\u3089 %SECONDS% \u79d2\u9593\u6709\u52b9\u3067\u3059",
		"zh-tw": "\u60a8\u7684\u9023\u7dda (session) \u5f9e\u73fe\u5728\u8d77\u9084\u6709 %SECONDS% \u79d2\u6709\u6548\u3002",
		"et": "Sinu sessioon kehtib veel %SECONDS% sekundit.",
		"he": "\u05d4\u05e9\u05d9\u05d7\u05d4 \u05e9\u05dc\u05da \u05d1\u05e8\u05ea-\u05ea\u05d5\u05e7\u05e3 \u05dc\u05e2\u05d5\u05d3 %SECONDS% \u05e9\u05e0\u05d9\u05d5\u05ea \u05de\u05e2\u05db\u05e9\u05d9\u05d5.",
		"zh": "\u4f60\u7684\u4f1a\u8bdd\u5728%SECONDS%\u79d2\u5185\u6709\u6548",
		"ar": "\u0633\u062a\u0633\u062a\u0645\u0631 \u062c\u0644\u0633\u062a\u0643 \u0644\u066a\u0639\u062f\u062f \u062b\u0648\u0627\u0646\u064a\u066a \u062b\u0627\u0646\u064a\u0629 \u062a\u0628\u062f\u0623 \u0627\u0644\u0627\u0646",
		"lv": "Sesija ir der\u012bga %SECONDS% sekundes no \u0161\u012b br\u012b\u017ea.",
		"id": "Session anda valid untuk %SECONDS% detik dari sekarang.",
		"sr": "Va\u0161a sesija \u0107e biti validna jo\u0161 %SECONDS% sekundi.",
		"ro": "Sesiunea dumneavoastr\u0103 mai este valid\u0103 \u00eenc\u0103 %SECONDS%.",
		"ru": "\u0412\u0430\u0448\u0430 \u0441\u0435\u0441\u0441\u0438\u044f \u0434\u0435\u0439\u0441\u0442\u0432\u0438\u0442\u0435\u043b\u044c\u043d\u0430 \u0432 \u0442\u0435\u0447\u0435\u043d\u0438\u0435 \u0441\u043b\u0435\u0434\u0443\u044e\u0449\u0438\u0445 %SECONDS% \u0441\u0435\u043a\u0443\u043d\u0434.",
		"eu": "Zure saioa %SECONDS% segundoz izango da baliagarri.",
		"el": "\u0391\u03c0\u03bf\u03bc\u03ad\u03bd\u03bf\u03c5\u03bd %SECONDS% \u03b4\u03b5\u03c5\u03c4\u03b5\u03c1\u03cc\u03bb\u03b5\u03c0\u03c4\u03b1 \u03bc\u03ad\u03c7\u03c1\u03b9 \u03c4\u03b7 \u03bb\u03ae\u03be\u03b7 \u03c4\u03b7\u03c2 \u03c3\u03c5\u03bd\u03b5\u03b4\u03c1\u03af\u03b1\u03c2 \u03c3\u03b1\u03c2.",
		"xh": "Iseshoni yakho iza kusebenza kangangemizuzu e-%SECONDS% ukususela ngoku.",
		"zu": "Iseshini yakho isebenza imizuzwana engu-%SECONDS% ukusuka manje.",
		"st": "Seshene ya hao e na le matla feela bakeng sa metsotswana e %SECONDS% ho tloha hona jwale.",
		"ca": "La vostra sessió és vàlida durant %SECONDS% segons des d’ara."
	},
	"sessionsize": {
		"no": "Sesjons st\u00f8rrelse: %SIZE%",
		"nn": "Sesjonsstorleik: %SIZE%",
		"sv": "Sessionsstorlek: %SIZE%",
		"es": "Tama\u00f1o de la sesi\u00f3n: %SIZE%",
		"fr": "Taille de la session : %SIZE%",
		"de": "Gr\u00f6sse der Sitzung: %SIZE%",
		"nl": "Sessiegrootte: %SIZE%",
		"sl": "Velikost seje: %SIZE% bajtov",
		"da": "Sessionsst\u00f8rrelse: %SIZE%",
		"hr": "Veli\u010dina sjednice: %SIZE%",
		"hu": "Munkamenet m\u00e9rete: %SIZE%",
		"fi": "Istunnon koko: %SIZE%",
		"pt-br": "Tamanho da sess\u00e3o: %SIZE%",
		"pt": "Tamanho da sess\u00e3o: %SIZE%",
		"pl": "Rozmiar sesji: %SIZE%",
		"cs": "Velikost sezeni: %SIZE%",
		"eu": "Saioaren tamaina: %SIZE%",
		"tr": "Oturum b\u00fcy\u00fckl\u00fc\u011f\u00fc: %SIZE%",
		"it": "Dimensione della session: %SIZE%",
		"lt": "Sesijos trukm\u0117: %SIZE%",
		"ja": "\u30bb\u30c3\u30b7\u30e7\u30f3\u30b5\u30a4\u30ba: %SIZE%",
		"zh-tw": "Session \u5927\u5c0f: %SIZE%",
		"et": "Sessiooni suurus: %SIZE%",
		"he": "\u05d2\u05d5\u05d3\u05dc \u05e9\u05d9\u05d7\u05d4: %SIZE%",
		"ru": "\u0420\u0430\u0437\u043c\u0435\u0440 \u0441\u0435\u0441\u0441\u0438\u0438: %SIZE%",
		"zh": "Session \u5927\u5c0f: %SIZE%",
		"ar": "\u062d\u062c\u0645 \u0627\u0644\u062c\u0644\u0633\u0629 \u066a\u062d\u062c\u0645\u066a",
		"lv": "Sesijas izm\u0113rs: %SIZE%",
		"id": "Ukuran session: %SIZE%",
		"sr": "Veli\u010dina sesije: %SIZE%",
		"ro": "Dimensiunea sesiunii: %SIZE%",
		"el": "\u039c\u03ad\u03b3\u03b5\u03b8\u03bf\u03c2 \u03c3\u03c5\u03bd\u03b5\u03b4\u03c1\u03af\u03b1\u03c2: %SIZE%",
		"xh": "Ubukhulu beseshoni: %SIZE%",
		"zu": "Usayizi weseshini: %SIZE%",
		"st": "Saese ya seshene: %SIZE%",
		"ca": "Mida de la sessió: %SIZE%"
	},
	"attributes_header": {
		"no": "Dine attributter",
		"nn": "Dine attributtar",
		"sv": "Dina attribut",
		"es": "Atributos",
		"fr": "Vos attributs",
		"de": "Ihre Attribute",
		"nl": "Uw attributen",
		"sl": "Va\u0161i atributi",
		"da": "Dine oplysninger",
		"hr": "Va\u0161i atributi",
		"hu": "Az \u00f6n attrib\u00fatumai",
		"fi": "Attribuuttisi",
		"pt-br": "Seus atributos",
		"pt": "Os seus atributos",
		"pl": "Twoje atrybuty",
		"cs": "Va\u0161e atributy",
		"eu": "Atributuak",
		"tr": "Bilgileriniz",
		"it": "I tuoi attributi",
		"lt": "J\u016bs\u0173 atributai",
		"ja": "\u5c5e\u6027",
		"zh-tw": "\u60a8\u7684\u5c6c\u6027",
		"et": "Sinu atribuudid",
		"he": "\u05d4\u05ea\u05db\u05d5\u05e0\u05d5\u05ea \u05e9\u05dc\u05da",
		"ru": "\u0412\u0430\u0448\u0438 \u0430\u0442\u0440\u0438\u0431\u0443\u0442\u044b",
		"zh": "\u4f60\u7684\u5c5e\u6027",
		"ar": "\u0627\u0644\u0633\u0645\u0627\u062a",
		"lv": "Atrib\u016bti",
		"id": "Attribut Anda",
		"sr": "Va\u0161i atributi",
		"ro": "Atributele dumneavoastr\u0103",
		"el": "\u03a0\u03bb\u03b7\u03c1\u03bf\u03c6\u03bf\u03c1\u03af\u03b5\u03c2",
		"zu": "Izici zakho",
		"xh": "Iimpawu zakho",
		"st": "Makgabane a hao",
		"ca": "Els teus atributs"
	},
	"logout": {
		"no": "Logg ut",
		"nn": "Logg ut",
		"sv": "Logga ut",
		"es": "Salir",
		"fr": "D\u00e9connexion",
		"de": "Abmelden",
		"nl": "Logout",
		"sl": "Odjava",
		"da": "Log ud",
		"hr": "Odjava",
		"hu": "Kil\u00e9p\u00e9s",
		"fi": "Uloskirjautuminen",
		"pt-br": "Desconectar",
		"pt": "Sair",
		"pl": "Wyloguj",
		"cs": "Odhl\u00e1\u0161en\u00ed",
		"eu": "Irten",
		"tr": "\u00c7\u0131k\u0131\u015f",
		"it": "Disconnessione",
		"lt": "Atsijungti",
		"ja": "\u30ed\u30b0\u30a2\u30a6\u30c8",
		"zh-tw": "\u767b\u51fa",
		"et": "Logi v\u00e4lja",
		"he": "\u05d4\u05ea\u05e0\u05ea\u05e7\u05d5\u05ea",
		"ru": "\u0412\u044b\u0439\u0442\u0438",
		"zh": "\u9000\u51fa",
		"ar": "\u062a\u0633\u062c\u064a\u0644 \u0627\u0644\u062e\u0631\u0648\u062c",
		"lv": "Atsl\u0113gties",
		"id": "Logout",
		"sr": "Odjava",
		"ro": "Deautentificare",
		"el": "\u0391\u03c0\u03bf\u03c3\u03cd\u03bd\u03b4\u03b5\u03c3\u03b7",
		"xh": "Phuma",
		"zu": "Phuma",
		"st": "Ho tswa",
		"ca": "Tancar sessió"
	},
	"subject_header": {
		"es": "Identificador SAML",
		"ru": "\u0422\u0435\u043c\u0430 SAML",
		"zh-tw": "SAML \u4e3b\u984c",
		"nl": "SAML Subject",
		"da": "SAML emne",
		"el": "\u03a5\u03c0\u03bf\u03ba\u03b5\u03af\u03bc\u03b5\u03bd\u03bf (subject) SAML",
		"zu": "Isihloko Se-SAML",
		"xh": "Umbandela we-SAML",
		"st": "Taba ya SAML",
		"ca": "Assumpte SAML"
	},
	"subject_notset": {
		"es": "sin valor",
		"ru": "\u043d\u0435 \u0443\u0441\u0442\u0430\u043d\u043e\u0432\u043b\u0435\u043d",
		"zh-tw": "\u672a\u8a2d\u5b9a",
		"nl": "niet aanwezig",
		"da": "ikke angivet",
		"el": "\u03b4\u03b5\u03bd \u03ad\u03c7\u03b5\u03b9 \u03bf\u03c1\u03b9\u03c3\u03c4\u03b5\u03af",
		"xh": "ayikasetwa",
		"zu": "akusethiwe",
		"st": "ha e a setwa",
		"ca": "no establert"
	},
	"subject_format": {
		"es": "Formato",
		"ru": "\u0424\u043e\u0440\u043c\u0430\u0442",
		"zh-tw": "\u683c\u5f0f",
		"nl": "Formaat",
		"da": "Format",
		"el": "\u039c\u03bf\u03c1\u03c6\u03ae (format)",
		"zu": "Ifomethi",
		"xh": "Ufomatho",
		"st": "Fomata",
		"ca": "Format"
	},
	"authData_header": {
		"xh": "Ungqinisiso lweNgcombolo",
		"zu": "I-AuthData",
		"st": "AuthData",
		"ca": "AuthData"
	},
	"authData_summary": {
		"xh": "Cofa ukuze ubone uNgqinisiso lweNgcombolo",
		"zu": "Qhafaza ukuze ubuke i-AuthData",
		"st": "Tlelika ho sheba AuthData",
		"ca": "Feu clic per veure AuthData"
	}
}
