{
	"403_header": {
		"es": "Acceso denegado",
		"no": "Ingen tilgang",
		"de": "Zugriff verboten",
		"fi": "P\u00e4\u00e4sy estetty.",
		"sl": "Dostop zavrnjen",
		"pt": "Acesso negado",
		"sv": "F\u00f6rbjuden access",
		"hr": "Pristup zabranjen",
		"da": "Adgang forbudt",
		"fr": "Acc\u00e8s refus\u00e9",
		"lt": "Pri\u0117jimas u\u017edraustas",
		"it": "Accesso vietato",
		"hu": "Hozz\u00e1f\u00e9r\u00e9s megtagadva",
		"ja": "\u30a2\u30af\u30bb\u30b9\u304c\u7981\u6b62\u3055\u308c\u3066\u3044\u307e\u3059",
		"nl": "Geen toegang",
		"zh-tw": "\u7981\u6b62\u5b58\u53d6",
		"nn": "Ingen tilgang",
		"pl": "Dost\u0119p zabroniony",
		"et": "Juurdep\u00e4\u00e4s keelatud",
		"he": "\u05d2\u05d9\u05e9\u05d4 \u05d0\u05e1\u05d5\u05e8\u05d4",
		"ru": "\u0414\u043e\u0441\u0442\u0443\u043f \u0437\u0430\u043f\u0440\u0435\u0449\u0451\u043d",
		"zh": "\u7981\u6b62\u8bbf\u95ee",
		"ar": "\u0645\u0645\u0646\u0648\u0639 \u0627\u0644\u062f\u062e\u0648\u0644",
		"lv": "Pieeja liegta",
		"id": "Dilarang mengakses",
		"sr": "Pristup zabranjen",
		"ro": "Accesul nu este permis",
		"cs": "P\u0159\u00edstup odm\u00edtnut",
		"eu": "Sarrera debekatua",
		"af": "Toegang verbode",
		"pt-br": "Acesso proibido",
		"el": "\u0394\u03b5\u03bd \u03b5\u03c0\u03b9\u03c4\u03c1\u03ad\u03c0\u03b5\u03c4\u03b1\u03b9 \u03b7 \u03c0\u03c1\u03cc\u03c3\u03b2\u03b1\u03c3\u03b7",
		"xh": "Ufikelelo luthintelwe",
		"zu": "Ukufinyelela kwenqatshelwe",
		"st": "Phihlello e thibetswe",
		"ca": "Accés prohibit"
	},
	"403_text": {
		"es": "No tiene los privilegios necesarios para acceder a esta aplicaci\u00f3n. Si considera que esto no es correcto, consulte el administrador.",
		"no": "Du har ikke de n\u00f8dvendige rettighetene til \u00e5 n\u00e5 denne siden. Vennligst kontakt administratoren dersom du mener dette ikke stemmer.",
		"de": "Sie haben nicht die erforderlichen Berechtigungen um auf diese Anwendung zuzugreifen. Bitte kontaktieren Sie einen Administrator, wenn Sie dies ungerechtfertigt finden.",
		"fi": "Sinulla ei ole tarvittavia oikeuksia k\u00e4ytt\u00e4\u00e4 t\u00e4t\u00e4 sovellusta. Ota yhteytt\u00e4 yll\u00e4pitoon, jos huomaat t\u00e4m\u00e4n olevan virheellinen.",
		"sl": "Za dostop do spletne storitve nima ustreznih pravic. Obrnite se na administratorja va\u0161ega IdP.",
		"pt": "N\u00e3o tem privil\u00e9gios para aceder a esta aplica\u00e7\u00e3o. Contacte o administrador caso ache necess\u00e1rio.",
		"sv": "Du har inte tillr\u00e4ckliga r\u00e4ttigheter f\u00f6r att anv\u00e4nda denna applikation. Ta kontakt med administrat\u00f6ren om detta inte st\u00e4mmer.",
		"hr": "Nemate potrebne ovlasti za pristup ovoj aplikaciji. Molimo kontaktirajte administratora aplikacije ako smatrate da bi vam pristup aplikaciji trebao biti omogu\u0107en.",
		"da": "Du har ikke de n\u00f8dvendige privilegier til at tilg\u00e5 applikationen. Kontakt administratoren hvis du mener at dette ikke er korrekt.",
		"fr": "Vos privil\u00e8ges sont insuffisants pour acc\u00e9der \u00e0 cette application. Contactez vous administrateur si cette situation est anormale.",
		"lt": "J\u016bs neturite reikiam\u0173 teisi\u0173 \u0161iai aplikacijai pasiekti. Pra\u0161ome susisiekti su administratoriumi, jei manote, kad taip netur\u0117t\u0173 b\u016bti.",
		"it": "Non si dispone dei privilegi per accedere a questa applicazione. Contattare l'amministratore se si ritiene che si tratti di un errore.",
		"hu": "\u00d6nnek nincsenek meg a sz\u00fcks\u00e9ges jogosults\u00e1gai a lap megtekint\u00e9s\u00e9hez. K\u00e9rj\u00fck, forduljon az oldal adminisztr\u00e1tor\u00e1hoz.",
		"ja": "\u3042\u306a\u305f\u306f\u3053\u306e\u30a2\u30d7\u30ea\u30b1\u30fc\u30b7\u30e7\u30f3\u306b\u30a2\u30af\u30bb\u30b9\u3059\u308b\u6a29\u9650\u3092\u6301\u3063\u3066\u3044\u307e\u305b\u3093\u3002\u3053\u308c\u304c\u6b63\u3057\u304f\u306a\u3044\u5834\u5408\u3001\u7ba1\u7406\u8005\u306b\u304a\u554f\u3044\u5408\u308f\u305b\u304f\u3060\u3055\u3044\u3002",
		"nl": "U heeft niet genoeg rechten om deze applicatie te benaderen. Benader de beheerder als u denkt dat dit ten onrechte is.",
		"zh-tw": "\u60a8\u6c92\u6709\u6240\u9700\u7684\u6b0a\u9650\u5b58\u53d6\u6b64\u7a0b\u5f0f\uff0c\u5982\u679c\u9019\u4e0d\u662f\u6b63\u78ba\u7684\uff0c\u8acb\u9023\u7d61\u60a8\u7684\u7cfb\u7d71\u7ba1\u7406\u54e1\u3002",
		"nn": "Du har ikkje tilgang fordi du manglar rettane til \u00e5 g\u00e5 inn.  Ta kontakt med  administrator dersom dette er feil.",
		"et": "Sul pole sellele rakendusele ligip\u00e4\u00e4suks vajalikke \u00f5igusi. Kui arvad teisiti, siis v\u00f5ta palun \u00fchendust administraatoriga.",
		"he": "\u05d0\u05d9\u05df \u05dc\u05da \u05d4\u05e8\u05e9\u05d0\u05d5\u05ea \u05de\u05e1\u05e4\u05e7\u05d5\u05ea \u05dc\u05d2\u05e9\u05ea \u05dc\u05d9\u05e9\u05d5\u05dd \u05d6\u05d4. \u05e6\u05d5\u05e8 \u05e7\u05e9\u05e8 \u05e2\u05dd \u05de\u05e0\u05d4\u05dc \u05d4\u05de\u05e2\u05e8\u05db\u05ea \u05e9\u05dc\u05da \u05d0\u05dd \u05e2\u05d5\u05d1\u05d3\u05d4 \u05d6\u05d5 \u05dc\u05d0 \u05e0\u05db\u05d5\u05e0\u05d4.",
		"ru": "\u0423 \u0432\u0430\u0441 \u043d\u0435\u0442 \u043d\u0435\u043e\u0431\u0445\u043e\u0434\u0438\u043c\u044b\u0445 \u043f\u0440\u0430\u0432 \u0434\u043b\u044f \u0434\u043e\u0441\u0442\u0443\u043f\u0430 \u043a \u044d\u0442\u043e\u043c\u0443 \u043f\u0440\u0438\u043b\u043e\u0436\u0435\u043d\u0438\u044e. \u041f\u043e\u0436\u0430\u043b\u0443\u0439\u0441\u0442\u0430, \u0441\u0432\u044f\u0436\u0438\u0442\u0435\u0441\u044c \u0441 \u0430\u0434\u043c\u0438\u043d\u0438\u0441\u0442\u0440\u0430\u0442\u043e\u0440\u043e\u043c, \u0435\u0441\u043b\u0438 \u0432\u044b \u0441\u0447\u0438\u0442\u0430\u0435\u0442\u0435, \u0447\u0442\u043e \u044d\u0442\u043e \u043d\u0435\u043f\u0440\u0430\u0432\u0438\u043b\u044c\u043d\u043e.",
		"zh": "\u4f60\u6ca1\u6709\u6743\u9650\u8bbf\u95ee\u8be5\u5e94\u7528\uff0c\u5982\u679c\u4f60\u8ba4\u4e3a\u8fd9\u662f\u4e00\u4e2a\u9519\u8bef\uff0c\u8bf7\u8054\u7cfb\u7ba1\u7406\u5458",
		"ar": "\u0644\u0627 \u064a\u0645\u0643\u0646\u0643 \u0627\u0644\u062f\u062e\u0648\u0644 \u0644\u0647\u0630\u0627 \u0627\u0644\u062a\u0637\u0628\u064a\u0642. \u0642\u0645 \u0628\u0623\u062e\u0637\u0627\u0631 \u0625\u062f\u0627\u0631\u0629 \u0627\u0644\u0645\u0648\u0642\u0639 \u0627\u0646 \u0643\u0646\u062a \u062a\u0638\u0646 \u0627\u0646 \u0647\u0630\u0627 \u063a\u064a\u0631 \u0635\u062d\u064a\u062d",
		"lv": "Jums nav pietiekamu ties\u012bbu \u0161\u012bs aplik\u0101cijas izmanto\u0161anai. Vaic\u0101jiet administratoram.",
		"id": "Anda tidak memiliki hak yang diperlukan untuk mengakses aplikasi ini. Silahkan menghubungi administrator jika seharusnya anda dapat mengakses aplikasi ini.",
		"sr": "Nemate potrebna ovla\u0161\u0107enja za pristup ovoj aplikaciji. Molimo kontaktirajte administratora aplikacije ako smatrate da bi vam pristup aplikaciji trebao biti omogu\u0107en.",
		"ro": "Nu ave\u021bi drepturile necesare pentru a accesa\/folosi aceast\u0103 aplica\u021bie. V\u0103 rug\u0103m s\u0103 contacta\u021bi administratorul sistemului dac\u0103 considera\u021bi aceast\u0103 afirma\u021bie ca fiind incorect\u0103.",
		"cs": "Nem\u00e1te dostate\u010dn\u00e1 pr\u00e1va pro p\u0159\u00edstup k t\u00e9to aplikaci. Pros\u00edm, kontaktujte administr\u00e1tora, pokud toto omezen\u00ed shled\u00e1v\u00e1te nespr\u00e1vn\u00e9.",
		"eu": "Ez duzu beharrezko pribilegiorik aplikazio honetan sartzeko. Hau okerra dela baderitzozu, jar zaitez administratzailearekin harremanetan. ",
		"af": "Jy het nie die nodige regte vir toegang na die aansoek nie. Kontak asseblief die administrateur indien dit inkorrek is.",
		"pt-br": "Voc\u00ea n\u00e3o tem privil\u00e9gios necess\u00e1rios para acessar esta aplica\u00e7\u00e3o. Entre em contato com o administrador se voc\u00ea achar que isso seja incorreto.",
		"el": "\u0394\u03b5\u03bd \u03ad\u03c7\u03b5\u03c4\u03b5 \u03c4\u03b1 \u03b1\u03c0\u03b1\u03c1\u03b1\u03af\u03c4\u03b7\u03c4\u03b1 \u03b4\u03b9\u03ba\u03b1\u03b9\u03ce\u03bc\u03b1\u03c4\u03b1 \u03b3\u03b9\u03b1 \u03bd\u03b1 \u03b1\u03c0\u03bf\u03ba\u03c4\u03ae\u03c3\u03b5\u03c4\u03b5 \u03c0\u03c1\u03cc\u03c3\u03b2\u03b1\u03c3\u03b7 \u03c3\u03b5 \u03b1\u03c5\u03c4\u03ae \u03c4\u03b7\u03bd \u03c5\u03c0\u03b7\u03c1\u03b5\u03c3\u03af\u03b1. \u03a0\u03b1\u03c1\u03b1\u03ba\u03b1\u03bb\u03bf\u03cd\u03bc\u03b5 \u03b5\u03c0\u03b9\u03ba\u03bf\u03b9\u03bd\u03c9\u03bd\u03ae\u03c3\u03c4\u03b5 \u03bc\u03b5 \u03c4\u03bf \u03b4\u03b9\u03b1\u03c7\u03b5\u03b9\u03c1\u03b9\u03c3\u03c4\u03ae \u03b1\u03bd \u03b8\u03b5\u03c9\u03c1\u03b5\u03af\u03c4\u03b5 \u03cc\u03c4\u03b9 \u03b1\u03c5\u03c4\u03cc \u03bd\u03b1 \u03b5\u03af\u03bd\u03b1\u03b9 \u03bb\u03b1\u03bd\u03b8\u03b1\u03c3\u03bc\u03ad\u03bd\u03bf.",
		"zu": "Awunawo amalungelo adingekile okufinyelela lolu hlelo. Sicela uthinte umlawuli uma uthola ukuthi lokhu akulona iqiniso.",
		"xh": "Awunawo amalungelo afunekayo ukuze ufikelele olu setyenziso. Nceda uqhagamshelane nomlawuli ukuba ngaba ukufumanisa oku kungachanekanga.",
		"st": "Ha o na makgabane a lokelang ho fihlella tshebediso ena. Ka kopo ikopanye le motsamaisi haeba o fumana sena se sa nepahala.",
		"ca": "No teniu els privilegis necessaris per accedir a aquesta aplicació. Si us plau, poseu-vos en contacte amb l’administrador si penseu que això no és correcte."
	}
}
