{
    "yes": {
        "no": "Ja, fortsett",
        "nn": "Ja, fortsett",
        "sv": "Ja",
        "es": "S\u00ed",
        "fr": "Oui",
        "de": "Ja, ich stimme zu",
        "nl": "Ja, ik ga akkoord",
        "lb": "Jo",
        "sl": "Da, nadaljuj",
        "da": "Ja, jeg accepterer",
        "hr": "Da, nastavi",
        "hu": "Igen, elfogadom",
        "fi": "Kyll\u00e4",
        "pt-br": "Sim, Aceito",
        "pt": "Sim, Aceito",
        "pl": "Tak, akceptuj\u0119",
        "cs": "Ano, akceptuji",
        "tr": "Evet, devam et",
        "it": "S\u00ec, continuare",
        "lt": "Taip, t\u0119sti",
        "ja": "\u306f\u3044\u3001\u7d9a\u3051\u307e\u3059",
        "zh-tw": "\u662f\uff0c\u7e7c\u7e8c",
        "et": "Jah, j\u00e4tka",
        "he": "\u05db\u05df, \u05d4\u05de\u05e9\u05da",
        "ru": "\u0414\u0430, \u043f\u0440\u043e\u0434\u043e\u043b\u0436\u0438\u0442\u044c",
        "zh": "\u662f\u7684\uff0c\u7ee7\u7eed",
        "ar": "\u0646\u0639\u0645\u060c \u0648\u0627\u0635\u0644",
        "lv": "J\u0101, turpin\u0101t",
        "id": "Yam lanjutkan",
        "sr": "Da, nastavi",
        "ro": "Da, continu\u0103",
        "eu": "Bai, jarraitu",
        "af": "Ja, gaan voort",
        "el": "\u0391\u03c0\u03bf\u03b4\u03bf\u03c7\u03ae",
        "zu": "Yebo, qhubeka",
        "xh": "Ewe, qhubeka",
        "st": "E, tswela pele"
    },
    "no": {
        "no": "Nei, avbryt",
        "nn": "Nei, avbryt",
        "sv": "Nej",
        "es": "No",
        "fr": "Non",
        "de": "Nein, ich stimme nicht zu",
        "nl": "Nee, ik weiger",
        "lb": "Nee",
        "sl": "Ne, prekli\u010di",
        "da": "Nej, jeg accepterer ikke",
        "hr": "Ne, odustani",
        "hu": "Nem, nem fogadom el",
        "fi": "ei",
        "pt-br": "N\u00e3o, n\u00e3o aceito",
        "pt": "N\u00e3o aceito",
        "pl": "Nie, nie akceptuj\u0119",
        "cs": "Ne, neakceptuji",
        "tr": "Hay\u0131r, iptal et",
        "it": "No, cancellare",
        "lt": "Ne, nutraukti",
        "ja": "\u3044\u3044\u3048\u3001\u30ad\u30e3\u30f3\u30bb\u30eb\u3057\u307e\u3059",
        "zh-tw": "\u4e0d\uff0c\u53d6\u6d88",
        "et": "Ei, loobu",
        "he": "\u05dc\u05d0, \u05d1\u05d8\u05dc",
        "ru": "\u041d\u0435\u0442, \u043e\u0442\u043c\u0435\u043d\u0438\u0442\u044c",
        "zh": "\u4e0d\uff0c\u53d6\u6d88",
        "ar": "\u0644\u0627\u060c \u0627\u0644\u063a",
        "lv": "N\u0113, atcelt",
        "id": "Tidak, batalkan",
        "sr": "Ne, odustani",
        "ro": "Nu, renun\u021b",
        "eu": "Ez, utzi",
        "af": "Nee, kanselleer",
        "el": "\u0391\u03c0\u03cc\u03c1\u03c1\u03b9\u03c8\u03b7",
        "xh": "Hayi, rhoxisa",
        "zu": "Cha, khansela",
        "st": "Tjhe, hlakola"
    },
    "remember": {
        "no": "Godta ogs\u00e5 for fremtiden",
        "nn": "Godta ogs\u00e5 for framtida",
        "sv": "Spara samtycke",
        "es": "Recordar el consentimiento",
        "fr": "Se souvenir du consentement",
        "de": "Zustimmung merken",
        "nl": "Bewaar toestemming",
        "lb": "Zoust\u00ebmmung verhalen",
        "sl": "Zapomni si privolitev.",
        "da": "Husk samtykke",
        "hr": "Zapamti moj odabir",
        "hu": "Eml\u00e9kezzen a hozz\u00e1j\u00e1rul\u00e1sra",
        "fi": "Muista",
        "pt-br": "Lembrar Consentimento",
        "pt": "Lembrar a minha escolha",
        "pl": "Pami\u0119taj moj\u0105 zgod\u0119",
        "cs": "Zapamatuj",
        "tr": "Hat\u0131rla",
        "it": "Ricordare",
        "lt": "\u012esiminti",
        "ja": "\u8a18\u61b6\u3059\u308b",
        "zh-tw": "\u8a18\u4f4f",
        "et": "J\u00e4ta meelde",
        "he": "\u05d6\u05db\u05d5\u05e8",
        "ru": "\u0417\u0430\u043f\u043e\u043c\u043d\u0438\u0442\u044c",
        "zh": "\u8bb0\u4f4f",
        "ar": "\u062a\u0630\u0643\u0631\u0623\u0644\u063a\u062a \u0630\u0643\u0631",
        "lv": "Atcer\u0113ties",
        "id": "Ingat",
        "sr": "Zapamti moj izbor",
        "ro": "\u021aine minte",
        "eu": "Onespena gogoratu",
        "af": "Onthou",
        "el": "\u039d\u03b1 \u03b8\u03c5\u03bc\u03ac\u03c3\u03b1\u03b9 \u03c4\u03b7\u03bd \u03b5\u03c0\u03b9\u03bb\u03bf\u03b3\u03ae \u03bc\u03bf\u03c5",
        "zu": "Khumbula",
        "xh": "Khumbula",
        "st": "Hopola"
    },
    "consent_accept": {
        "no": "For \u00e5 fullf\u00f8re innloggingen m\u00e5 du godta at opplysningene nedenfor sendes til SPNAME.",
        "nn": "For \u00e5 fullf\u00f8ra innlogginga m\u00e5 du godta at opplysningane under blir sende til SPNAME",
        "sv": "Du \u00e4r p\u00e5 v\u00e4g att logga in i tj\u00e4nsten SPNAME. Tj\u00e4nsten kr\u00e4ver att informationen nedan skickas fr\u00e5n IDPNAME. \u00c4r detta okej?",
        "es": "Est\u00e1 a punto de acceder al servicio SPNAME. El servicio requiere que la informaci\u00f3n que se muestra a continuaci\u00f3n sea transferida desde IDPNAME. \u00bfAcepta esto?",
        "fr": "Vous \u00eates sur le point de vous connecter au service SPNAME. Lors de l'ouverture de session, le fournisseur d'identit\u00e9 enverra des informations sur votre identit\u00e9 \u00e0 ce service. Acceptez-vous cela ?",
        "de": "SPNAME erfordert die \u00dcbertragung untenstehender Information von IDPNAME. Akzeptieren Sie das?",
        "nl": "U gaat inloggen bij een dienst SPNAME. Tijdens het loginproces stuurt de identity provider zgn. attributen met daarin informatie over uw identiteit voor deze dienst. Bent u het daarmee eens?",
        "lb": "Daer sid dobai aerch um service unzemellen SPNAME. Waerend dem Login Prozess sch\u00e9ckt den Identity Provider Attributer, d\u00e9i Informatiounen iwert aer Identit\u00e9it enthaalen. Akzept\u00e9ier daer daat?",
        "sl": "Pravkar se nameravate prijaviti v storitev SPNAME. Med postopkom prijave bo IdP tej storitvi posredoval atribute, ki vsebujejo informacije o va\u0161i identiteti. Ali se s tem strinjate? ",
        "da": "SPNAME kr\u00e6ver at nedenst\u00e5ende oplysninger overf\u00f8res fra IDPNAME. Vil du acceptere dette?",
        "hr": "Servis SPNAME zahtjeva isporuku dolje navedenih podataka.",
        "hu": "\u00d6n azonos\u00edtja mag\u00e1t ehhez a szolg\u00e1ltat\u00e1shoz SPNAME. Az azonos\u00edt\u00e1s sor\u00e1n IDPNAME az al\u00e1bbi adatokat fogja k\u00fcldeni a szolg\u00e1ltat\u00e1snak. Enged\u00e9lyezi?",
        "fi": "Olet kirjautumassa palveluun SPNAME. Identiteetil\u00e4hteesi henkil\u00f6tietojasi palvelun tarjoajalle. Hyv\u00e4ksytk\u00f6 tietojen siirron?",
        "pt-br": "Voc\u00ea est\u00e1 prestes a acessar o servi\u00e7o SPNAME. O servi\u00e7o exige que as informa\u00e7\u00f5es a seguir sejam transferidas do IDPNAME. Voc\u00ea aceita isso?",
        "pt": "O servi\u00e7o SPNAME necessita que a informa\u00e7\u00e3o apresentada em baixo seja transferida.",
        "pl": "SPNAME wymaga aby poni\u017csza informacja zosta\u0142a przes\u0142ana.",
        "cs": "M\u016f\u017eete se p\u0159ihl\u00e1sit do slu\u017eby SPNAME",
        "tr": "SPNAME a\u015fa\u011f\u0131daki bilgilerin g\u00f6nderilmesine ihtiya\u00e7 duyuyor.",
        "it": "SPNAME richiede che l'informazione sotto riportata sia trasferita.",
        "lt": "SPNAME reikalauja persi\u0173sti \u017eemiau pateikt\u0105 informacij\u0105",
        "ja": "SPNAME\u306f\u4ee5\u4e0b\u306e\u5909\u63db\u3055\u308c\u305f\u60c5\u5831\u3092\u8981\u6c42\u3057\u307e\u3059\u3002",
        "zh-tw": "SPNAME \u8981\u6c42\u8a72\u8cc7\u8a0a\u65bc\u9019\u500b\u50b3\u9001\u3002",
        "et": "SPNAME n\u00f5uab allpool oleva info edastamist.",
        "he": "SPNAME \u05d3\u05d5\u05e8\u05e9 \u05e9\u05de\u05d9\u05d3\u05e2 \u05d4\u05e0\"\u05dc \u05d9\u05d5\u05e2\u05d1\u05e8",
        "ru": "SPNAME \u0442\u0440\u0435\u0431\u0443\u0435\u0442, \u0447\u0442\u043e\u0431\u044b \u0438\u043d\u0444\u043e\u0440\u043c\u0430\u0446\u0438\u044f, \u043f\u0440\u0435\u0434\u0441\u0442\u0430\u0432\u043b\u0435\u043d\u043d\u0430\u044f \u043d\u0438\u0436\u0435, \u0431\u044b\u043b\u0430 \u043f\u0435\u0440\u0435\u0434\u0430\u043d\u0430.",
        "zh": "SPNAME\u8bf7\u6c42\u4ee5\u4e0b\u4fe1\u606f\u88ab\u4f20\u9001\u3002",
        "ar": "\u064a\u062d\u062a\u0627\u062c SPNAME \u062a\u062d\u0648\u064a\u0644 \u0627\u0644\u0628\u064a\u0627\u0646\u0627\u062a \u0623\u062f\u0646\u0627\u0647 ",
        "lv": "SPNAME prasa p\u0101rraid\u012bt pa t\u012bklu zem\u0101k eso\u0161o inform\u0101ciju.",
        "id": "SPNAME mensyaratkan informasi dibawah ini harus ditransder.",
        "sr": "Servis SPNAME zahteva slanje dole navedenih podataka.",
        "ro": "SPNAME solicit\u0103 trimiterea informa\u021biilor de mai jos.",
        "eu": "Zerbitzuak, hemen agertzen den informazioa lekualdatzea eskatzen du.",
        "af": "SPNAME vereis dat die inligting hieronder oorgedra word.",
        "el": "\u0395\u03ac\u03bd \u03c0\u03c1\u03bf\u03c7\u03c9\u03c1\u03ae\u03c3\u03b5\u03c4\u03b5\u002c \u03c4\u03b1 \u03c3\u03c4\u03bf\u03b9\u03c7\u03b5\u03af\u03b1 \u03c0\u03bf\u03c5 \u03b1\u03ba\u03bf\u03bb\u03bf\u03c5\u03b8\u03bf\u03cd\u03bd \u03b8\u03b1 \u03b4\u03b9\u03b1\u03bc\u03bf\u03b9\u03c1\u03b1\u03c3\u03c4\u03bf\u03cd\u03bd \u03bc\u03b5 \u03c4\u03b7\u03bd \u03c5\u03c0\u03b7\u03c1\u03b5\u03c3\u03af\u03b1 <b>SPNAME<\/b>. \u03a3\u03c5\u03bc\u03c6\u03c9\u03bd\u03b5\u03af\u03c4\u03b5 \u03bc\u03b5 \u03c4\u03b7\u03bd \u03b1\u03c0\u03b5\u03bb\u03b5\u03c5\u03b8\u03ad\u03c1\u03c9\u03c3\u03b7 \u03c4\u03c9\u03bd \u03c3\u03c4\u03bf\u03b9\u03c7\u03b5\u03af\u03c9\u03bd \u03b1\u03c5\u03c4\u03ce\u03bd \u03c3\u03c4\u03b7\u03bd \u03c5\u03c0\u03b7\u03c1\u03b5\u03c3\u03af\u03b1 \u03ba\u03ac\u03b8\u03b5 \u03c6\u03bf\u03c1\u03ac \u03c0\u03bf\u03c5 \u03b5\u03c0\u03b9\u03b8\u03c5\u03bc\u03b5\u03af\u03c4\u03b5 \u03c0\u03c1\u03cc\u03c3\u03b2\u03b1\u03c3\u03b7 \u03c3\u03b5 \u03b1\u03c5\u03c4\u03ae\u003b",
        "xh": "I-SPNAME idinga ukuba inkcazelo engezantsi idluliselwe.",
        "zu": "I-SPNAME idinga ukuthi ulwazi olungezansi ludluliswe.",
        "st": "SPNAME e hloka hore tlhahisoleseding e ka tlase mona e fetiswe."
    },
    "login": {
        "no": "innlogging",
        "nn": "Logg inn",
        "sv": "Logga in",
        "es": "login",
        "fr": "ouvrir une session",
        "de": "anmelden",
        "nl": "Login",
        "lb": "anloggen",
        "sl": "Prijava",
        "da": "login",
        "hr": "prijavi se",
        "hu": "bejelentkez\u00e9s",
        "fi": "Tunnus",
        "pt-br": "login",
        "pt": "Entrar",
        "pl": "login",
        "cs": "Login",
        "tr": "Giri\u015f",
        "it": "connessione",
        "lt": "Prisijungti",
        "ja": "\u30ed\u30b0\u30a4\u30f3",
        "zh-tw": "\u767b\u5165",
        "et": "logi sisse",
        "he": "\u05db\u05e0\u05d9\u05e1\u05d4",
        "ru": "\u041b\u043e\u0433\u0438\u043d",
        "zh": "\u767b\u5f55",
        "ar": "\u062a\u0633\u062c\u064a\u0644 \u0627\u0644\u062f\u062e\u0648\u0644",
        "lv": "piesl\u0113gties",
        "id": "login",
        "sr": "prijavi se",
        "ro": "autentificare",
        "eu": "hasi saioa",
        "af": "meld aan",
        "el": "\u0395\u03af\u03c3\u03bf\u03b4\u03bf\u03c2",
        "xh": "ngena",
        "zu": "ngena",
        "st": "keno"
    },
    "service_providers_for": {
        "no": "Tjenesteleverand\u00f8r for",
        "nn": "Tenesteleverand\u00f8rar for",
        "sv": "Tj\u00e4nsteleverant\u00f6rer f\u00f6r",
        "es": "Proveedores de servicio para",
        "fr": "Fournisseurs de services pour",
        "de": "Service-Provider f\u00fcr",
        "nl": "Service Providers voor",
        "lb": "Service Provider fir",
        "sl": "SP za",
        "da": "Tjenesteudbyder for",
        "hr": "Davatelji usluge za",
        "hu": "Alkalmaz\u00e1sszolg\u00e1ltat\u00f3k a k\u00f6vetkez\u0151 sz\u00e1m\u00e1ra",
        "fi": "Palveluntarjoaja",
        "pt-br": "Provedor de servi\u00e7os para",
        "pt": "Fornecedores de Servi\u00e7o (SP) para",
        "pl": "Dostawca Serwisu dla",
        "cs": "Poskytovatel slu\u017eby pro",
        "tr": "i\u00e7in Servis Sa\u011flay\u0131c\u0131lar",
        "it": "Service Provider per",
        "lt": "Paslaug\u0173 teik\u0117jai",
        "ja": "\u30b5\u30fc\u30d3\u30b9\u30d7\u30ed\u30d0\u30a4\u30c0: ",
        "zh-tw": "\u7d66\u670d\u52d9\u63d0\u4f9b\u8005",
        "et": "Teenusepakkujad",
        "he": "\u05e1\u05e4\u05e7\u05d9 \u05e9\u05d9\u05e8\u05d5\u05ea \u05e2\u05d1\u05d5\u05e8",
        "ru": "\u041f\u043e\u0441\u0442\u0430\u0432\u0449\u0438\u043a\u0438 \u0443\u0441\u043b\u0443\u0433 \u0434\u043b\u044f",
        "zh": "\u670d\u52a1\u63d0\u4f9b\u8005\u7ed9",
        "ar": "\u0645\u0642\u062f\u0645\u064a \u062e\u062f\u0645\u0627\u062a \u0644",
        "lv": "Servisa pieg\u0101d\u0101t\u0101ji priek\u0161",
        "id": "Service Provider untuk",
        "sr": "Davaoci Servisa za",
        "ro": "Furnizor de servicii pentru",
        "eu": "Zerbitzu hornitzaileak hontarako: ",
        "af": "Diens Verskaffers vir",
        "el": "\u03a0\u03ac\u03c1\u03bf\u03c7\u03bf\u03b9 \u03c5\u03c0\u03b7\u03c1\u03b5\u03c3\u03b9\u03ce\u03bd \u03b3\u03b9\u03b1",
        "zu": "Abahlinzeki Besevisi bokuthi",
        "xh": "Umboneleli enkonzo we-",
        "st": "Bafani ba Tshebeletso bakeng sa"
    },
    "service_provider_header": {
        "no": "Tjenesteleverand\u00f8r",
        "nn": "Tenesteleverand\u00f8r",
        "sv": "Tj\u00e4nsteleverant\u00f6r",
        "es": "Proveedor de servicio",
        "fr": "Fournisseur de service",
        "de": "Service-Provider",
        "nl": "Service Provider",
        "lb": "Service Provider",
        "sl": "SP",
        "da": "Tjenesteudbyder",
        "hr": "Davatelj usluge",
        "hu": "Alkalmaz\u00e1sszolg\u00e1ltat\u00f3",
        "fi": "Palveluntarjoaja",
        "pt-br": "Provedor de Servi\u00e7os",
        "pt": "Fornecedor de Servi\u00e7o (SP)",
        "pl": "Dostawca serwisu",
        "cs": "Poskytovatel slu\u017eby",
        "tr": "Servis Sa\u011flay\u0131c\u0131",
        "it": "Service Provider",
        "lt": "Paslaugos teik\u0117jas",
        "ja": "\u30b5\u30fc\u30d3\u30b9\u30d7\u30ed\u30d0\u30a4\u30c0",
        "zh-tw": "\u670d\u52d9\u63d0\u4f9b\u8005",
        "et": "Teenusepakkuja",
        "he": "\u05e1\u05e4\u05e7 \u05e9\u05d9\u05e8\u05d5\u05ea",
        "ru": "\u041f\u043e\u0441\u0442\u0430\u0432\u0449\u0438\u043a \u0443\u0441\u043b\u0443\u0433",
        "zh": "\u670d\u52a1\u63d0\u4f9b\u8005",
        "ar": "\u0645\u0642\u062f\u0645 \u062e\u062f\u0645\u0627\u062a",
        "lv": "Servisa pieg\u0101d\u0101t\u0101js",
        "id": "Service Provider",
        "sr": "Davalac Servisa",
        "ro": "Furnizor de servicii",
        "eu": "Zerbitzu hornitzailea",
        "af": "Diens Verskaffer",
        "el": "\u03a0\u03ac\u03c1\u03bf\u03c7\u03bf\u03c2 \u03c5\u03c0\u03b7\u03c1\u03b5\u03c3\u03af\u03b1\u03c2",
        "zu": "Umhlinzeki Wesevisi",
        "xh": "Umboneleli Wenkonzo",
        "st": "Mofani wa Tshebeletso"
    },
    "status_header": {
        "no": "Samtykke-status",
        "nn": "Samtykkestatus",
        "sv": "Status f\u00f6r samtycke",
        "es": "Estado del consentimiento",
        "fr": "\u00c9tat des consentements",
        "de": "Zustimmungsstatus",
        "nl": "Toestemming status",
        "lb": "Zoust\u00ebmmungsstatus",
        "sl": "Stanje privolitve",
        "da": "Samtykke status",
        "hr": "Status odobrenja",
        "hu": "Hozz\u00e1j\u00e1rul\u00e1s \u00e1llapota",
        "fi": "Hyv\u00e4ksynn\u00e4\u00e4n tila",
        "pt-br": "Status do Consentimento",
        "pt": "Consentimento",
        "pl": "Status zgody",
        "cs": "Status souhlasu",
        "tr": "Onay durumu",
        "it": "Stato del consenso",
        "lt": "Leidimo b\u016bsena",
        "ja": "\u627f\u8a8d\u30b9\u30c6\u30fc\u30bf\u30b9",
        "zh-tw": "\u540c\u610f\u72c0\u614b",
        "et": "N\u00f5usoleku olek",
        "he": "\u05de\u05e6\u05d1 \u05d4\u05e1\u05db\u05de\u05d4",
        "ru": "\u0420\u0430\u0437\u0440\u0435\u0448\u0438\u0442\u0435\u043b\u044c\u043d\u044b\u0439 \u0441\u0442\u0430\u0442\u0443\u0441",
        "zh": "\u540c\u610f\u72b6\u6001",
        "ar": "\u062d\u0627\u0644\u0629 \u0645\u0648\u0627\u0641\u0642\u0629",
        "lv": "Noteikumu statuss",
        "id": "Status persetujuan",
        "sr": "Status odobrenja",
        "ro": "Stare acord",
        "eu": "Onespen egoera",
        "af": "Toestemming status",
        "el": "\u039a\u03b1\u03c4\u03ac\u03c3\u03c4\u03b1\u03c3\u03b7 \u03c3\u03c5\u03b3\u03ba\u03b1\u03c4\u03ac\u03b8\u03b5\u03c3\u03b7\u03c2",
        "zu": "Isimo semvume",
        "xh": "Ubume bemvume",
        "st": "Boemo ba tumelo"
    },
    "show_hide_attributes": {
        "no": "Vis\/skjul opplysninger",
        "nn": "Vis\/skjul opplysningar",
        "sv": "visa\/g\u00f6m attribut",
        "es": "Mostrar\/ocultar atributos",
        "fr": "montrer\/cacher les attributs",
        "de": "zeige\/verstecke Eigenschaften",
        "nl": "toon\/verberg attributen",
        "lb": "Attributer weisen\/verstoppen",
        "sl": "prika\u017ei\/skrij atribute",
        "da": "vis\/skjul attributter",
        "hr": "prika\u017ei\/sakrij atribute",
        "hu": "attrib\u00fatumok mutat\u00e1sa\/elrejt\u00e9se",
        "fi": "N\u00e4yt\u00e4\/piilota attribuutteja",
        "pt-br": "mostra\/esconder Atributos",
        "pt": "Mostrar\/Ocultar atributos",
        "pl": "poka\u017c\/ukryj atrybuty",
        "cs": "zobraz\/skryj atributy",
        "tr": "bilgileri g\u00f6ster\/gizle ",
        "it": "Mostra\/nascondi attributi",
        "lt": "rodyti\/sl\u0117pti atributus",
        "ja": "\u8868\u793a\/\u975e\u8868\u793a\u5c5e\u6027",
        "zh-tw": "\u986f\u793a\/\u96b1\u85cf\u5c6c\u6027",
        "et": "n\u00e4ita\/peida atribuudid",
        "he": "\u05d4\u05e8\u05d0\u05d4\\\u05d4\u05e1\u05ea\u05e8 \u05ea\u05db\u05d5\u05e0\u05d5\u05ea ",
        "ru": "\u043f\u043e\u043a\u0430\u0437\u0430\u0442\u044c\/\u0441\u043a\u0440\u044b\u0442\u044c \u0430\u0442\u0440\u0438\u0431\u0443\u0442\u044b",
        "zh": "\u663e\u793a\/\u9690\u85cf\u5c5e\u6027",
        "ar": "\u0627\u0638\u0647\u0631\/\u0627\u0644\u063a\u064a \u0627\u0644\u0633\u0645\u0627\u062a",
        "lv": "r\u0101d\u012bt\/sl\u0113pt atrib\u016btus",
        "id": "perlihatkan\/sembunyikan attribut",
        "sr": "prika\u017ei\/sakrij atribute",
        "ro": "arat\u0103\/ascunde atributele",
        "eu": "erakutsi\/gorde atributuak",
        "af": "vertoon\/verberg eienskappe",
        "el": "\u03b5\u03bc\u03c6\u03ac\u03bd\u03b9\u03c3\u03b7\/\u03b1\u03c0\u03cc\u03ba\u03c1\u03c5\u03c8\u03b7 \u03c3\u03c4\u03bf\u03b9\u03c7\u03b5\u03af\u03c9\u03bd",
        "xh": "bonisa/fihla iimpawu",
        "zu": "bonisa/fihla izici",
        "st": "bontsha/pata makgabane"
    },
    "consent_privacypolicy": {
        "no": "Personvern for tjenesten",
        "nn": "Personvern for tenesta",
        "sv": "Tj\u00e4nstens policy f\u00f6r personlig integritet",
        "es": "Pol\u00edtica de privacidad para el servicio",
        "de": "Datenschutzrichtlinie des Dienstes",
        "nl": "Privacybeleid voor de dienst",
        "sl": "Politika zasebnosti za ta SP",
        "da": "Tjenestens politik vedr\u00f8rende personoplysninger",
        "hr": "Politika za\u0161tite privatnosti kod servisa",
        "hu": "A szolg\u00e1ltat\u00e1s adatv\u00e1delmi nyilatkozata",
        "fi": "Tietosuojaseloste palvelulle",
        "pt-br": "Pol\u00edtica de Privacidade deste servi\u00e7o",
        "pt": "Pol\u00edtica de privacidade do servi\u00e7o",
        "pl": "Polityka prywatno\u015bci dla serwisu",
        "cs": "Bezpe\u010dnostn\u00ed politika slu\u017eby",
        "tr": "Servis i\u00e7in gizlilik politikas\u0131",
        "fr": "Politique de confidentialit\u00e9 pour ce service",
        "it": "Politica della privacy per il servizio",
        "lt": "\u0160ios paslaugos privatumo politika",
        "ja": "\u30b5\u30fc\u30d3\u30b9\u306e\u30d7\u30e9\u30a4\u30d0\u30b7\u30dd\u30ea\u30b7\u30fc",
        "zh-tw": "\u670d\u52d9\u96b1\u79c1\u6b0a\u653f\u7b56",
        "et": "Teenuse privaatsuspoliitika",
        "he": "\u05de\u05d3\u05d9\u05e0\u05d9\u05d5\u05ea \u05d4\u05e4\u05e8\u05d8\u05d9\u05d5\u05ea \u05e9\u05dc \u05d4\u05e9\u05d9\u05e8\u05d5\u05ea",
        "ru": "\u041f\u043e\u043b\u0438\u0442\u0438\u043a\u0430 \u043a\u043e\u043d\u0444\u0438\u0434\u0435\u043d\u0446\u0438\u0430\u043b\u044c\u043d\u043e\u0441\u0442\u0438 \u0434\u043b\u044f \u0441\u043b\u0443\u0436\u0431\u044b",
        "zh": "\u8be5\u670d\u52a1\u7684\u9690\u79c1\u7b56\u7565",
        "ar": "\u0633\u064a\u0627\u0633\u0629 \u0627\u0644\u062e\u0635\u0648\u0635\u064a\u0629 \u0644\u0644\u062e\u062f\u0645\u0629",
        "lv": "Servisa dro\u0161\u012bbas noteikumi",
        "id": "Kebijakan privasi untuk layanan",
        "sr": "Politika za\u0161tite privatnosti kod servisa",
        "ro": "Politica de confiden\u021bialitate pentru serviciu",
        "eu": "Zerbitzuarentzako pribatutasun-politika",
        "af": "Privaatheidsbeleid vir die diens",
        "el": "\u03a0\u03bf\u03bb\u03b9\u03c4\u03b9\u03ba\u03ae \u03c0\u03c1\u03bf\u03c3\u03c4\u03b1\u03c3\u03af\u03b1\u03c2 \u03b1\u03c0\u03bf\u03c1\u03c1\u03ae\u03c4\u03bf\u03c5 \u03c5\u03c0\u03b7\u03c1\u03b5\u03c3\u03af\u03b1\u03c2",
        "zu": "Inqubomgomo yobumfihlo yesevisi",
        "xh": "Ipolisi yokugcinwa kwemfihlelo yenkonzo",
        "st": "Leano la sephiri bakeng sa tshebeletso"
    },
    "noconsent_title": {
        "no": "Ikke akseptert overf\u00f8ring av informasjon",
        "nn": "Ikkje akseptert overf\u00f8ring av informasjon",
        "sv": "Inget samtycket givet",
        "es": "No se di\u00f3 el consentimiento",
        "de": "Zustimmung verweigert",
        "nl": "Geen toestemming gegeven",
        "sl": "Privolitev ni bila dana.",
        "da": "Manglende samtykke",
        "hr": "Isporuka podataka nije odobrena",
        "hu": "Nincs hozz\u00e1j\u00e1rul\u00e1s",
        "fi": "Lupaa ei annettu",
        "pt-br": "Nenhum consentimento dado",
        "pt": "Consentimento negado",
        "pl": "Nie wyra\u017cono zgody",
        "cs": "Souhlas nebyl vyd\u00e1n",
        "tr": "Onay verilmemi\u015f",
        "fr": "Aucun consentement n'a \u00e9t\u00e9 donn\u00e9",
        "it": "Nessun consenso dato",
        "lt": "Leidimas neduotas",
        "ja": "\u627f\u8a8d\u306f\u3042\u308a\u307e\u305b\u3093",
        "zh-tw": "\u5c1a\u672a\u540c\u610f",
        "et": "N\u00f5usolekut pole antud",
        "he": "\u05dc\u05d0 \u05e0\u05d9\u05ea\u05e0\u05d4 \u05d4\u05e1\u05db\u05de\u05d4",
        "ru": "\u041d\u0435\u0442 \u0434\u0430\u043d\u043d\u043e\u0433\u043e \u0441\u043e\u0433\u043b\u0430\u0441\u0438\u044f",
        "zh": "\u672a\u540c\u610f",
        "ar": "\u0644\u0645 \u062a\u0639\u0637\u064a \u0627\u0644\u0645\u0648\u0627\u0641\u0642\u0629",
        "lv": "Nav noteikumu",
        "id": "Tidan ada persetujuan yang diberikan",
        "sr": "Slanje podataka nije odobreno",
        "ro": "Nu a fost dat acordul (consim\u021b\u0103m\u00e2ntul)",
        "eu": "Ez da onespena eman",
        "af": "Geen toestemming is gegee nie",
        "el": "\u039c\u03b7 \u03b1\u03c0\u03bf\u03b4\u03bf\u03c7\u03ae \u03c3\u03c5\u03b3\u03ba\u03b1\u03c4\u03ac\u03b8\u03b5\u03c3\u03b7\u03c2",
        "zu": "Ayikho imvume enikeziwe",
        "xh": "Akukho mvume inikelweyo",
        "st": "Ha ho tumello e fanweng"
    },
    "noconsent_text": {
        "no": "Du har ikke akseptert \u00e5 overlevere opplysninger til SPNAME.",
        "nn": "Du har ikkje akseptert til at dine opplysningar kan sendast til SPNAME.",
        "sv": "Du gav inte samtycke f\u00f6r att \u00f6verf\u00f6ra dina attribut till tj\u00e4nsteleverant\u00f6ren.",
        "es": "No ha dado su consentimiento para tranferir sus atributos al proveedor de servicio.",
        "de": "Sie haben der Weitergabe ihrer Daten an den Service Provider nicht zugestimmt.",
        "nl": "U heeft geen toestemming gegeven om uw attributen naar de Service Provider te versturen",
        "sl": "Niste podali privolitve za posredovanje atributov SP-ju.",
        "da": "Du har ikke givet samtykke til overleveringen af oplysninger til tjenesten",
        "hr": "Niste dali pristanak da se va\u0161i podaci isporu\u010de davatelju usluge.",
        "hu": "Nem adta hozz\u00e1j\u00e1rul\u00e1s\u00e1t, hogy adatait tov\u00e1bbadjuk a szolg\u00e1ltat\u00f3nak.",
        "fi": "Et antanut lupaa siirt\u00e4\u00e4 henkil\u00f6tietojasi palveluntarjoajalle",
        "pt-br": "Voc\u00ea n\u00e3o deu o consentimento para a transfer\u00eancia de seus atributos para o provedor de servi\u00e7os.",
        "pt": "Negou o consentimento para a transfer\u00eancia dos seus atributos para o fornecedor de servi\u00e7o.",
        "pl": "Nie wyrazi\u0142e\u015b zgody na przes\u0142anie Twoich atrybut\u00f3w do Dostawcy Serwisu.",
        "cs": "Nedal jste souhlas pro zasl\u00e1n\u00ed sv\u00fdch atribut\u016f poskytovateli slu\u017eeb.",
        "tr": "Bilgilerinizin servis sa\u011flay\u0131c\u0131ya g\u00f6nderilmesi i\u00e7in onay vermediniz.",
        "fr": "Vous n'avez pas donn\u00e9 votre consentement \u00e0 la divulgation de vos attributs pour ce fournisseur de service.",
        "it": "Non hai dato il consenso per trasferire i tuoi attributi al service provider.",
        "lt": "J\u016bs nedav\u0117te sutikimo persi\u0173sti J\u016bs\u0173 atributus SPNAME paslaugos teik\u0117jui.",
        "ja": "\u3042\u306a\u305f\u306f\u30b5\u30fc\u30d3\u30b9\u30d7\u30ed\u30d0\u30a4\u30c0\u306b\u5c5e\u6027\u3092\u8ee2\u9001\u3059\u308b\u4e8b\u3092\u627f\u8a8d\u3057\u3066\u3044\u307e\u305b\u3093\u3002",
        "zh-tw": "\u60a8\u4e0d\u540c\u610f\u50b3\u8f38\u60a8\u7684\u5c6c\u6027\u81f3\u670d\u52d9\u63d0\u4f9b\u8005\u3002",
        "et": "Sa ei andnud n\u00f5usolekut sinu atribuutide teenusepakkujale edastamiseks.",
        "he": "\u05dc\u05d0 \u05e0\u05ea\u05e0\u05ea \u05d4\u05e1\u05db\u05de\u05d4 \u05dc\u05d4\u05e2\u05d1\u05e8\u05ea \u05d4\u05de\u05d0\u05e4\u05d9\u05d9\u05e0\u05d9\u05dd \u05dc\u05e1\u05e4\u05e7 \u05d4\u05e9\u05d9\u05e8\u05d5\u05ea.",
        "ru": "\u0412\u044b \u043d\u0435 \u0434\u0430\u043b\u0438 \u0441\u043e\u0433\u043b\u0430\u0441\u0438\u044f \u043d\u0430 \u043f\u0435\u0440\u0435\u0434\u0430\u0447\u0443 \u0432\u0430\u0448\u0438\u0445 \u0430\u0442\u0440\u0438\u0431\u0443\u0442\u043e\u0432 \u043a \u043f\u043e\u0441\u0442\u0430\u0432\u0449\u0438\u043a\u0443 \u0443\u0441\u043b\u0443\u0433.",
        "zh": "\u4f60\u6ca1\u6709\u540c\u610f\u4f20\u8f93\u4f60\u7684\u76f8\u5173\u5c5e\u6027\u7ed9SPNAME",
        "ar": "\u0644\u0645 \u062a\u0648\u0627\u0641\u0642 \u0639\u0644\u064a \u062a\u062d\u0648\u064a\u0644 \u0633\u0645\u0627\u062a\u0643 \u0644\u0645\u0642\u062f\u0645 \u0627\u0644\u062e\u062f\u0645\u0629",
        "lv": "J\u016bs neesat devis at\u013cauju p\u0101rraid\u012bt inform\u0101ciju servisa pieg\u0101d\u0101t\u0101jam.",
        "id": "Anda tidak memberikan persetujuan untuk mentransfer atribut-atribute Anda ke service provider.",
        "sr": "Niste odobrili da se va\u0161i podaci po\u0161alju davaocu servisa.",
        "ro": "Nu a\u021bi fost de acord s\u0103 trimite\u021bi atributele c\u0103tre SPNAME.",
        "eu": "Ez duzu onespena eman zure atributuak zerbitzuari transferitzeko.",
        "af": "Jy het nie toestemming gegee vir die oordrag van jou eienskappe na SPNAME nie.",
        "el": "\u0394\u03b5\u03bd \u03ad\u03c7\u03b5\u03c4\u03b5 \u03b4\u03ce\u03c3\u03b5\u03b9 \u03c3\u03c5\u03b3\u03ba\u03b1\u03c4\u03ac\u03b8\u03b5\u03c3\u03b7 \u03b3\u03b9\u03b1 \u03c4\u03bf\u03bd \u03b4\u03b9\u03b1\u03bc\u03bf\u03b9\u03c1\u03b1\u03c3\u03bc\u03cc \u03c0\u03c1\u03bf\u03c3\u03c9\u03c0\u03b9\u03ba\u03ce\u03bd \u03b4\u03b5\u03b4\u03bf\u03bc\u03ad\u03bd\u03c9\u03bd \u03bc\u03b5 \u03c4\u03b7\u03bd \u03c5\u03c0\u03b7\u03c1\u03b5\u03c3\u03af\u03b1 SPNAME",
        "xh": "Awuyinikelanga imvume yokudluliselwa iimpawu zakho kwi-SPNAME.",
        "zu": "Awuzange uyinikeze imvume yokudlulisa izici zakho ku-SPNAME.",
        "st": "Ha o a fana ka tumello bakeng sa ho fetisetsa makgabane a hao ho SPNAME."
    },
    "noconsent_return": {
        "no": "G\u00e5 tilbake til samtykkesiden",
        "nn": "G\u00e5 tilbake til samtykkesida",
        "sv": "\u00c5ter till sidan f\u00f6r samtycke",
        "es": "Volver a la p\u00e1gina de consentimiento",
        "de": "Zur\u00fcck",
        "nl": "Keer terug naar de toestemmingspagina",
        "sl": "Vrnitev na privolitveno stran",
        "da": "G\u00e5 tilbage",
        "hr": "Povratak na stranicu za kreiranje dozvola",
        "hu": "Vissza az hozz\u00e1j\u00e1rul\u00e1s-kezel\u0151 oldalra",
        "fi": "Palaa hyv\u00e4ksynt\u00e4sivulle",
        "pt-br": "Retornar a p\u00e1gina de consentimento",
        "pt": "Voltar \u00e0 p\u00e1gina de consentimento",
        "pl": "Powr\u00f3t do strony wydania zezwolenia.",
        "cs": "Zp\u00e1tky na str\u00e1nku pro souhlas",
        "tr": "Onay sayfas\u0131na geri d\u00f6n",
        "fr": "Retour \u00e0 la page de consentement",
        "it": "Torna alla pagina del consenso",
        "lt": "Gr\u012f\u017eti \u012f leidim\u0173 puslap\u012f",
        "ja": "\u627f\u8a8d\u30da\u30fc\u30b8\u306b\u623b\u308b",
        "zh-tw": "\u56de\u5230\u540c\u610f\u9801\u9762",
        "et": "Tagasi n\u00f5usoleku lehele",
        "he": "\u05d7\u05d6\u05d5\u05e8 \u05dc\u05d3\u05e3 \u05d4\u05e1\u05db\u05de\u05d4",
        "zh": "\u8fd4\u56de\u540c\u610f\u754c\u9762",
        "ar": "\u0639\u062f \u0644\u0635\u0641\u062d\u0629 \u0627\u0644\u0645\u0648\u0627\u0641\u0642\u0629",
        "lv": "Atgriezties uz noteikumu lapu",
        "id": "Kembali ke halaman persetujuan",
        "sr": "Povratak na stranicu za kreiranje pristanka",
        "ro": "\u00centoarcere la pagina de consim\u021b\u0103m\u00e2nt",
        "ru": "\u0412\u0435\u0440\u043d\u0443\u0442\u044c\u0441\u044f \u043d\u0430 \u0441\u0442\u0440\u0430\u043d\u0438\u0446\u0443 \u0434\u043b\u044f \u0432\u044b\u0440\u0430\u0436\u0435\u043d\u0438\u044f \u0441\u043e\u0433\u043b\u0430\u0441\u0438\u044f",
        "eu": "Itzuli onespen orrira",
        "af": "Keer terug na die toestemmingsbladsy",
        "el": "\u0395\u03c0\u03b9\u03c3\u03c4\u03c1\u03bf\u03c6\u03ae \u03c3\u03c4\u03b7 \u03c3\u03b5\u03bb\u03af\u03b4\u03b1 \u03b4\u03ae\u03bb\u03c9\u03c3\u03b7\u03c2 \u03c3\u03c5\u03b3\u03ba\u03b1\u03c4\u03ac\u03b8\u03b5\u03c3\u03b7\u03c2",
        "xh": "Buyela kwikhasi lemvume",
        "zu": "Buyela ekhasini lemvume",
        "st": "Kgutlela leqepheng la tumello"
    },
    "consent_header": {
        "no": "Samtykke om overf\u00f8ring av personinformasjon",
        "nn": "Samtykke til overf\u00f8ring av personinformasjon",
        "sv": "Samtycke g\u00e4llande \u00f6verf\u00f6ring av personinformation",
        "es": "Consentimiento para la liberaci\u00f3n de informaci\u00f3n personal",
        "de": "Zustimmung zur Weitergabe pers\u00f6nlicher Daten",
        "nl": "Toestemming voor het vrijgeven van persoonsgegevens",
        "sl": "Odlo\u010ditev o privolitvi posredovanja va\u0161ih osebnih podatkov",
        "da": "Samtykke til at frigive personlige oplysninger",
        "hr": "Dozvola za isporuku osobnih podataka",
        "hu": "Hozz\u00e1j\u00e1rul\u00e1s szem\u00e9lyes adatok kiad\u00e1s\u00e1hoz",
        "fi": "Henkil\u00f6tietojen luovutuksen hyv\u00e4ksynt\u00e4",
        "pt": "Consentimento do envio de informa\u00e7\u00e3o pessoal",
        "pl": "Zgoda na wys\u0142anie danych osobistych",
        "cs": "Obsah odes\u00edlan\u00fdch osobn\u00edch informac\u00ed",
        "tr": "Ki\u015fisel bilgilerin verilmesi hakk\u0131nda onay",
        "fr": "Consentement pour la divulgation d'informations personnelles",
        "it": "Consenso al rilascio delle informazioni personali",
        "lt": "Leidimas perduoti asmenin\u0119 informacij\u0105",
        "ja": "\u500b\u4eba\u60c5\u5831\u306e\u627f\u8a8d\u3092\u89e3\u9664",
        "zh-tw": "\u540c\u610f\u6709\u95dc\u65bc\u500b\u4eba\u95dc\u4fc2\u8cc7\u8a0a",
        "et": "N\u00f5usolek isikuandmete edastamiseks",
        "he": "\u05d4\u05e1\u05db\u05de\u05d4 \u05dc\u05d4\u05e2\u05d1\u05e8\u05ea \u05de\u05d9\u05d3\u05e2 \u05d0\u05d9\u05e9\u05d9",
        "pt-br": "Consentimento sobre a libera\u00e7\u00e3o de informa\u00e7\u00f5es pessoais",
        "zh": "\u540c\u610f\u91ca\u653e\u4e2a\u4eba\u4fe1\u606f",
        "ar": "\u0627\u0648\u0627\u0641\u0642 \u0639\u0644\u064a \u0646\u0634\u0631 \u0633\u0645\u0627\u062a\u064a \u0627\u0644\u0634\u062e\u0635\u064a\u0629",
        "lv": "Noteikumi par person\u012bg\u0101s inform\u0101cijas nodo\u0161anu",
        "id": "Persetujuan tentang melepas informasi personal",
        "sr": "Pristanak za slanje li\u010dnih podataka",
        "ro": "Acordul pentru a furniza informa\u021bii personale",
        "ru": "\u0421\u043e\u0433\u043b\u0430\u0441\u0438\u0435 \u043d\u0430 \u043f\u0435\u0440\u0435\u0434\u0430\u0447\u0443 \u043d\u0435\u043a\u043e\u0442\u043e\u0440\u044b\u0445 \u043f\u0435\u0440\u0441\u043e\u043d\u0430\u043b\u044c\u043d\u044b\u0445 \u0434\u0430\u043d\u043d\u044b\u0445",
        "eu": "Informazio pertsonala askatzeko onespena ",
        "af": "Toestemming mbt. die vrystelling van persoonlike informasie",
        "el": "\u0394\u03ae\u03bb\u03c9\u03c3\u03b7 \u03c3\u03c5\u03b3\u03ba\u03b1\u03c4\u03ac\u03b8\u03b5\u03c3\u03b7\u03c2 \u03b3\u03b9\u03b1 \u03c4\u03bf\u03bd \u03b4\u03b9\u03b1\u03bc\u03bf\u03b9\u03c1\u03b1\u03c3\u03bc\u03cc \u03c0\u03c1\u03bf\u03c3\u03c9\u03c0\u03b9\u03ba\u03ce\u03bd \u03b4\u03b5\u03b4\u03bf\u03bc\u03ad\u03bd\u03c9\u03bd",
        "xh": "Imvume malunga nokukhutshwa kwenkcazelo yobuqu",
        "zu": "Imvume mayelana nokukhulula ulwazi lomuntu siqu",
        "st": "Tumello e mabapi le tlhahisoleseding ya botho"
    },
    "consent_attributes_header": {
        "no": "Opplysninger som vil bli sendt til SPNAME",
        "nn": "Opplysningar som blir sende til SPNAME",
        "sv": "Attribut som kommer att skickas till tj\u00e4nsten",
        "es": "Atributos que ser\u00e1n enviados al servicio",
        "de": "Informationen, die an SPNAME gesandt werden",
        "nl": "Informatie die naar SPNAME zal worden gestuurd",
        "sl": "Atributi, ki bodo poslani SPju",
        "da": "Attributter som bliver sendt til SPNAME",
        "hr": "Informacije koje \u0107e biti poslane servisu SPNAME",
        "hu": "A(z) SPNAME szolg\u00e1ltat\u00f3nak k\u00fcld\u00f6tt adatok",
        "fi": "Tiedot l\u00e4hetet\u00e4\u00e4n palvelulle SPNAME",
        "pt": "Informa\u00e7\u00e3o que ir\u00e1 ser enviada para SPNAME",
        "pl": "Atrybuty, kt\u00f3re zostan\u0105 przes\u0142ane do serwisu",
        "cs": "Atributy, kter\u00e9 mohou b\u00fdt zasl\u00e1ny slu\u017eb\u011b",
        "tr": "SPNAME'e g\u00f6nderilecek bilgiler",
        "fr": "Informations qui seront envoy\u00e9es \u00e0 SPNAME",
        "it": "Informazioni che saranno inviate a SPNAME",
        "lt": "Informacija, kuri bus persi\u0173sta \u012f SPNAME",
        "ja": "SPNAME\u3068\u3057\u3066\u9001\u4fe1\u3055\u308c\u308b\u60c5\u5831",
        "zh-tw": "\u8cc7\u8a0a\u5c07\u88ab\u50b3\u9001\u81f3 SPNAME",
        "et": "Andmed saadetakse SPNAME-le",
        "he": "\u05d4\u05de\u05d9\u05d3\u05e2 \u05d9\u05e9\u05dc\u05d7 \u05dc SPNAME",
        "zh": "\u5c06\u4f1a\u53d1\u9001\u7ed9SPNAME\u7684\u4fe1\u606f",
        "ar": "\u0627\u0644\u0645\u0639\u0644\u0648\u0645\u0627\u062a \u0627\u0644\u062a\u064a \u0633\u064a\u062a\u0645 \u0625\u0631\u0633\u0627\u0644\u0647\u0627 \u0644 SPNAME",
        "lv": "Inform\u0101cija, kas tiks s\u016bt\u012bta SPNAME",
        "id": "Informasi yang akan dikirim ke SPNAME",
        "sr": "Informacije koje \u0107e biti poslate servisu SPNAME",
        "ro": "Informa\u021bii care vor fi trimise la SPNAME",
        "ru": "\u0418\u043d\u0444\u043e\u0440\u043c\u0430\u0446\u0438\u044f, \u043a\u043e\u0442\u043e\u0440\u0430\u044f \u0431\u0443\u0434\u0435\u0442 \u043f\u0435\u0440\u0435\u0434\u0430\u043d\u0430 \u0432 SPNAME ",
        "eu": "Zerbitzura bidaliko diren atributuak",
        "af": "Informasie wat gestuur sal word na SPNAME",
        "el": "\u03a0\u03bb\u03b7\u03c1\u03bf\u03c6\u03bf\u03c1\u03af\u03b5\u03c2 \u03c0\u03bf\u03c5 \u03b8\u03b1 \u03b4\u03b9\u03b1\u03bc\u03bf\u03b9\u03c1\u03b1\u03c3\u03c4\u03bf\u03cd\u03bd \u03bc\u03b5 \u03c4\u03b7\u03bd \u03c5\u03c0\u03b7\u03c1\u03b5\u03c3\u03af\u03b1 SPNAME",
        "xh": "Inkcazelo eza kuthunyelwa ku-SPNAME",
        "zu": "Ulwazi oluzothunyelwa ku-SPNAME",
        "st": "Tlhahisoleseding e tla romelwa ho SPNAME"
    },
    "show_attributes": {
        "no": "Vis opplysninger",
        "nn": "Vis opplysingar",
        "sv": "Visa attribut",
        "es": "Mostrar atributos",
        "de": "Attribute zeigen",
        "nl": "Toon attributen",
        "sl": "Prika\u017ei atribute",
        "da": "Vis attributter",
        "hr": "Prika\u017ei atribute",
        "hu": "Mutasd az attrib\u00fatumokat",
        "fi": "N\u00e4yt\u00e4 henkil\u00f6tiedot",
        "pt": "Mostrar atributos",
        "pl": "Wy\u015bwietl atrybuty",
        "cs": "Zobraz atributy",
        "tr": "\u00d6zellikleri g\u00f6ster",
        "fr": "Montrer les attributs",
        "it": "Mostra attributi",
        "lt": "Parodyti atributus",
        "ja": "\u5c5e\u6027\u3092\u8868\u793a\u3059\u308b",
        "zh-tw": "\u986f\u793a\u5c6c\u6027",
        "et": "N\u00e4ita andmeid",
        "he": "\u05d4\u05e6\u05d2 \u05de\u05d0\u05e4\u05d9\u05d9\u05e0\u05d9\u05dd",
        "pt-br": "Mostrar atributos",
        "zh": "\u663e\u793a\u5c5e\u6027",
        "ar": "\u0627\u0638\u0647\u0631 \u0627\u0644\u0633\u0645\u0627\u062a",
        "lv": "R\u0101d\u012bt atrib\u016btus",
        "id": "Perlihatkan atribut-atribut",
        "sr": "Prika\u017ei atribute",
        "ro": "Arat\u0103 atributele",
        "ru": "\u041f\u043e\u043a\u0430\u0437\u0430\u0442\u044c \u0430\u0442\u0440\u0438\u0431\u0443\u0442\u044b",
        "eu": "Erakutsi atributuak",
        "af": "Vertoon eienskappe",
        "zu": "Bonisa okuqukethwe",
        "xh": "Bonisa isiqulatho",
        "st": "Bontsha makgabane"
    },
    "noconsent_goto_about": {
        "no": "G\u00e5 til informasjonsside om tjenesten",
        "nn": "G\u00e5 til informasjonssida for tenesta",
        "sv": "G\u00e5 till tj\u00e4nstens informationssida",
        "es": "Ir a la p\u00e1gina de informaci\u00f3n del servicio",
        "de": "Gehe zur Informationsseite dieses Dienstes",
        "nl": "Ga naar de informatiepagina voor de service",
        "sl": "Pojdi na spletno stran z informacijami o storitvi",
        "da": "G\u00e5 til side med information om tjenesten",
        "hr": "Idi na stranicu s informacijama o servisu",
        "hu": "A szolg\u00e1ltat\u00e1s inform\u00e1ci\u00f3s oldal\u00e1ra",
        "fi": "Siirry palvelun tiedot -sivulle",
        "pt": "Ir para p\u00e1gina de informa\u00e7\u00e3o do servi\u00e7o",
        "pl": "Przejd\u017a do strony informacyjnej dla tego serwisu",
        "cs": "Jdi na str\u00e1nku s informacemi o slu\u017eb\u011b",
        "tr": "Servis i\u00e7in bilgi sayfas\u0131na git",
        "fr": "Aller \u00e0 la page d'information sur ce service",
        "it": "Vai alla pagina di informazioni per il servizio",
        "lt": "Pereiti \u012f \u0161ios paslaugos informacin\u012f puslap\u012f",
        "ja": "\u30b5\u30fc\u30d3\u30b9\u306e\u70ba\u306e\u60c5\u5831\u30da\u30fc\u30b8\u3092\u53c2\u7167",
        "zh-tw": "\u81f3\u670d\u52d9\u8cc7\u8a0a\u9801\u9762",
        "et": "Mine teenuse infolehele",
        "he": "\u05dc\u05da \u05d0\u05dc \u05d3\u05e3 \u05d4\u05de\u05d9\u05d3\u05e2 \u05e9\u05dc \u05d4\u05e9\u05d9\u05e8\u05d5\u05ea",
        "pt-br": "Ir para a P\u00e1gina de Informa\u00e7\u00e3o do servi\u00e7o",
        "zh": "\u8f6c\u5230\u8be5\u670d\u52a1\u7684\u4fe1\u606f\u9875\u9762",
        "ar": "\u0627\u0630\u0647\u0628 \u0644\u0635\u0641\u062d\u0629 \u0627\u0644\u0645\u0639\u0644\u0648\u0645\u0627\u062a \u0639\u0646 \u0627\u0644\u062e\u062f\u0645\u0629",
        "lv": "Iet uz servisa inform\u0101cijas lapu",
        "id": "Pergi ke halaman informasi untul layanan",
        "sr": "Idi na stranicu sa informacijama o servisu",
        "ro": "Link la pagina serviciului",
        "ru": "\u041f\u0435\u0440\u0435\u0439\u0442\u0438 \u043d\u0430 \u0441\u0442\u0440\u0430\u043d\u0438\u0446\u0443 \u0441 \u0438\u043d\u0444\u043e\u0440\u043c\u0430\u0446\u0438\u0435\u0439 \u043e \u0434\u0430\u043d\u043d\u043e\u0439 \u0441\u043b\u0443\u0436\u0431\u0435",
        "eu": "Joan zerbitzuaren informazio orrira",
        "af": "Gaan na die informasie bladsy vir die diens",
        "el": "\u0395\u03c0\u03b9\u03c0\u03bb\u03ad\u03bf\u03bd \u03c0\u03bb\u03b7\u03c1\u03bf\u03c6\u03bf\u03c1\u03af\u03b5\u03c2 \u03b3\u03b9\u03b1 \u03c4\u03b7\u03bd \u03c5\u03c0\u03b7\u03c1\u03b5\u03c3\u03af\u03b1",
        "xh": "Yiya kwikhasi lenkcazelo ukuze ufumane inkonzo",
        "zu": "Iya ekhasini lolwazi lesevisi",
        "st": "Eya leqepheng la tlhahisoleseding bakeng sa tshebeletso"
    },
    "consent_purpose": {
        "no": "Form\u00e5let med SPNAME er SPDESC",
        "nn": "Hensikta med SPNAME er SPDESC",
        "sv": "Syftet med SPNAME \u00e4r SPDESC",
        "es": "El prop\u00f3sito de SPNAME es SPDESC",
        "de": "Der Zweck von SPNAME ist SPDESC",
        "nl": "Het doel van SPNAME is SPDESC",
        "sl": "Namen %SPNAME%: %SPDESC%",
        "da": "SPNAME har til form\u00e5l at SPDESC",
        "hr": "Namjena servisa SPNAME je SPDESC",
        "hu": "A szolg\u00e1ltat\u00e1s (SPNAME) ezt a c\u00e9lt szolg\u00e1lja: SPDESC",
        "fi": "Palvelun SPNAME k\u00e4ytt\u00f6tarkoitus on SPDESC",
        "pt": "O prop\u00f3sito de SPNAME \u00e9 SPDESC",
        "pl": "Celem SPNAME jest SPDESC",
        "cs": "C\u00edl SPNAME v SPDESC",
        "tr": "SPNAME'in amac\u0131 SPDESC'tir",
        "fr": "L'objet de SPNAME est SPDESC",
        "it": "Lo scopo di SPNAME \u00e8 SPDESC",
        "lt": "SPNAME paskirtis yra SPDESC",
        "ja": "SPNAME\u306e\u76ee\u7684\u306fSPDESC\u3067\u3059",
        "zh-tw": "SPNAME \u7684\u76ee\u7684\u5730\u70ba SPDESC",
        "et": "Teenuse SPNAME eesm\u00e4rk on SPDESC",
        "he": "\u05d4\u05de\u05d8\u05e8\u05d4 \u05e9\u05dc SPNAME \u05d4\u05d9\u05d0 SPDESC",
        "zh": "SPNAME\u7684\u76ee\u7684\u662fSPDESC",
        "ar": "\u0627\u0644\u063a\u0631\u0636 \u0645\u0646 SPNAME \u0647\u0648 SPDESC",
        "lv": "SPNAME nol\u016bks ir SPDESC",
        "id": "Tujuan dari SPNAME adalah SPDESC",
        "sr": "Namena servisa SPNAME je SPDESC",
        "ro": "Scopul SPNAME este SPDESC",
        "ru": "\u0426\u0435\u043b\u044c SPNAME - SPDESC",
        "eu": "Zerbtizuaren xedea SPDESC da",
        "af": "Die doel van SPNAME is SPDESC",
        "el": "\u03a0\u03b5\u03c1\u03b9\u03b3\u03c1\u03b1\u03c6\u03ae \u03cc\u03c0\u03c9\u03c2 \u03c0\u03b1\u03c1\u03ad\u03c7\u03b5\u03c4\u03b1\u03b9 \u03b1\u03c0\u03cc \u03c4\u03b7\u03bd \u03c5\u03c0\u03b7\u03c1\u03b5\u03c3\u03af\u03b1\u003a SPDESC",
        "zu": "Injongo ye-SPNAME yi-SPDESC",
        "xh": "Injongo ye-SPNAME yi-SPDESC",
        "st": "Sepheo sa SPNAME ke SPDESC"
    },
    "table_caption": {
        "no": "Bruker innformasjon",
        "sv": "Anv\u00e4ndarinformation",
        "es": "Informaci\u00f3n del usuario",
        "de": "Benutzerdaten",
        "nl": "Gebruikersinformatie",
        "sl": "Podatki o uporabniku",
        "da": "Bruger information",
        "hu": "Felhaszn\u00e1l\u00f3i inform\u00e1ci\u00f3k",
        "fi": "K\u00e4ytt\u00e4j\u00e4tiedot",
        "pt": "Informa\u00e7\u00e3o do utilizador",
        "tr": "Kullan\u0131c\u0131 bilgisi",
        "fr": "Information sur l'usager",
        "hr": "Informacije o korisniku",
        "nn": "Brukarinformasjon",
        "it": "Informazioni utente",
        "lt": "Vartotojo informacija",
        "ja": "\u30e6\u30fc\u30b6\u30fc\u60c5\u5831",
        "zh-tw": "\u4f7f\u7528\u8005\u8cc7\u8a0a",
        "et": "Kasutajainfo",
        "he": "\u05de\u05d9\u05d3\u05e2 \u05e2\u05dc \u05d4\u05de\u05e9\u05ea\u05de\u05e9",
        "pt-br": "Informa\u00e7\u00f5es do Usu\u00e1rio",
        "zh": "\u7528\u6237\u4fe1\u606f",
        "ar": "\u0645\u0639\u0644\u0648\u0645\u0627\u062a \u0627\u0644\u0645\u0633\u062a\u062e\u062f\u0645",
        "lv": "Lietot\u0101ja inform\u0101cija",
        "id": "Informasi User",
        "sr": "Informacije o korisniku",
        "ro": "Informa\u021bii despre utilizator",
        "ru": "\u0418\u043d\u0444\u043e\u0440\u043c\u0430\u0446\u0438\u044f \u043e \u043f\u043e\u043b\u044c\u0437\u043e\u0432\u0430\u0442\u0435\u043b\u0435",
        "cs": "U\u017eivatelsk\u00e9 informace",
        "eu": "Erabiltzailearen informazioa",
        "af": "Gebruiker informasie",
        "el": "\u03a0\u03bb\u03b7\u03c1\u03bf\u03c6\u03bf\u03c1\u03af\u03b5\u03c2 \u03c7\u03c1\u03ae\u03c3\u03c4\u03b7",
        "xh": "Inkcazelo yomsebenzisi",
        "zu": "Ulwazi lomsebenzisi",
        "st": "Tlhahisoleseding ya mosebedisi"
    },
    "table_summary": {
        "no": "Her listes den innformasjonen om deg som blir send til den tjenesten du er i ferd med \u00e5 logge p\u00e5",
        "sv": "Visa den nformation om din anv\u00e4ndare som kommer att skickas till tj\u00e4nsten som du \u00e4r p\u00e5 v\u00e4g att logga in i",
        "es": "Muestra que informaci\u00f3n relativa a usted va a ser transmitida al servicio en el que se va a identificar",
        "nl": "De informatie die over jou bekend is en naar de service waarop je wilt inloggen verstuurd zal worden",
        "sl": "Seznam podatkov o vas, ki bodo posredovani storitvi, v katero se nameravate prijaviti",
        "da": "Informationer som vil blive sendt til den service du er ved at logge in p\u00e5",
        "hu": "Ezeket az adatokat fogjuk elk\u00fcldeni \u00d6nr\u0151l annak a szolg\u00e1ltat\u00e1snak, ahov\u00e1 be k\u00edv\u00e1n jelentkezni",
        "fi": "N\u00e4yt\u00e4 tietosi, joita ollaan siirt\u00e4m\u00e4ss\u00e4 palveluun",
        "pt": "Listar a informa\u00e7\u00e3o acerca de si que ser\u00e1 enviada para o servi\u00e7o no qual se est\u00e1 autenticar",
        "tr": "Girmek istedi\u011finiz servise g\u00f6nderilecek bilginizi listeleyin",
        "de": "Zeige die Information \u00fcber Sie, die an den Service, auf dem Sie sich einloggen werden, \u00fcbermittelt werden",
        "fr": "Liste des informations vous concernant qui seront envoy\u00e9es au service auquel vous allez vous connecter",
        "hr": "Prika\u017ei popis va\u0161ih podataka koji \u0107e biti proslje\u0111eni servisu kojem \u017eelite pristupiti",
        "nn": "List informasjon om deg som blir overf\u00f8rt til tenesta du skal logga inn p\u00e5",
        "it": "Mostra le informazioni su di te che stanno per essere trasferire al servizio a cui ti vuoi collegare",
        "lt": "Per\u017ei\u016br\u0117ti informacij\u0105 apie jus, kuri bus persi\u0173sta paslaugai, \u012f kuri\u0105 jungiat\u0117s",
        "ja": "\u4e00\u89a7\u306e\u60c5\u5831\u306f\u3042\u306a\u305f\u304c\u30ed\u30b0\u30a4\u30f3\u3059\u308b\u969b\u306b\u30b5\u30fc\u30d3\u30b9\u306b\u8ee2\u9001\u3055\u308c\u307e\u3059\u3002",
        "zh-tw": "\u5c07\u95dc\u65bc\u6211\u50b3\u9001\u81f3\u60a8\u9810\u8a08\u8981\u767b\u5165\u7684\u670d\u52d9",
        "et": "Teave sinu kohta, mis edastatakse teenusele, millesse asud sisse logima",
        "he": "\u05d4\u05e6\u05d2 \u05d0\u05ea \u05d4\u05de\u05d9\u05d3\u05e2 \u05e2\u05dc\u05d9\u05da \u05d0\u05e9\u05e8 \u05d9\u05d5\u05e2\u05d1\u05e8 \u05dc\u05e9\u05d9\u05e8\u05d5\u05ea \u05e9\u05d0\u05ea\u05d4 \u05e2\u05d5\u05de\u05d3 \u05dc\u05d4\u05ea\u05d7\u05d1\u05e8 \u05d0\u05dc\u05d9\u05d5",
        "pt-br": "Liste as informa\u00e7\u00f5es sobre voc\u00ea que est\u00e1 prestes a ser transmitida para o servi\u00e7o que voc\u00ea est\u00e1 acessando",
        "zh": "\u5f53\u4f60\u767b\u5f55\u65f6\u5c06\u8981\u4f20\u8f93\u7ed9\u670d\u52a1\u7684\u4fe1\u606f\u5217\u8868",
        "ar": "\u0642\u0627\u0626\u0645\u0629 \u0645\u0639\u0644\u0648\u0645\u0627\u062a\u0643 \u0627\u0644\u062a\u064a \u0633\u062a\u062d\u0648\u0644 \u0644\u0645\u0642\u062f\u0645 \u0627\u0644\u062e\u062f\u0645\u0629 \u0627\u0644\u0630\u064a \u062a\u0631\u063a\u0628 \u0628\u062a\u0633\u062c\u064a\u0644 \u0627\u0644\u062f\u062e\u0648\u0644 \u0627\u0644\u064a\u0647",
        "lv": "Inform\u0101cija par Jums, kas tiks s\u016bt\u012bta servisam, kuram J\u016bs piesl\u0113dzaties",
        "id": "Daftar informasi tentang Anda yang akan dikirimkan ke service tujuan login Anda.",
        "sr": "Prika\u017ei spisak podataka o vama koji \u0107e biti prosle\u0111eni servisu kome \u017eelite pristupiti",
        "ro": "Afi\u0219eaz\u0103 informa\u021biile care vor fi trimise la serviciul unde dori\u021bi s\u0103 v\u0103 autentifica\u021bi",
        "ru": "\u0412\u044b\u0434\u0430\u0442\u044c \u0441\u043f\u0438\u0441\u043e\u043a \u0438\u043d\u0444\u043e\u0440\u043c\u0430\u0446\u0438\u0438, \u043a\u043e\u0442\u043e\u0440\u0430\u044f \u0431\u0443\u0434\u0435\u0442 \u043f\u0435\u0440\u0435\u0434\u0430\u043d\u0430 \u0441\u043b\u0443\u0436\u0431\u0435, \u0432 \u043a\u043e\u0442\u043e\u0440\u0443\u044e \u0432\u044b \u043f\u044b\u0442\u0430\u0435\u0442\u0435\u0441\u044c \u0432\u043e\u0439\u0442\u0438",
        "cs": "Seznam informac\u00ed o v\u00e1s, kter\u00e9 budou p\u0159ed\u00e1ny slu\u017eb\u011b, ke kter\u00e9 se p\u0159ihla\u0161ujete",
        "eu": "Zu identifikatuko zaren zerbitzura zure ze informazio bidaliko den erakusten du ",
        "af": "Lys die informasie mbt. jou wat op die punt is om gestuur te word vir die diens waarby jy wil aanmeld.",
        "el": "\u0395\u03bc\u03c6\u03ac\u03bd\u03b9\u03c3\u03b7 \u03c0\u03bb\u03b7\u03c1\u03bf\u03c6\u03bf\u03c1\u03b9\u03ce\u03bd \u03c0\u03bf\u03c5 \u03b8\u03b1 \u03b4\u03b9\u03b1\u03bc\u03bf\u03b9\u03c1\u03b1\u03c3\u03c4\u03bf\u03cd\u03bd \u03bc\u03b5 \u03c4\u03b7\u03bd \u03c5\u03c0\u03b7\u03c1\u03b5\u03c3\u03af\u03b1 \u03ba\u03b1\u03c4\u03ac \u03c4\u03b7\u03bd \u03c0\u03c1\u03cc\u03c3\u03b2\u03b1\u03c3\u03b7 \u03c3\u03b5 \u03b1\u03c5\u03c4\u03ae",
        "zu": "Enza uhlu olumayelana nolwazi lwakho oluzodluliselwa kusevisi ozongena kuyo",
        "xh": "Dwelisa inkcazelo engawe eza kudluliselwa kwinkonzo oza kungena kuyo",
        "st": "Hlahlamisa tlhahisoleseding e mabapi le wena e haufi le ho fetisetswa tshebeletsong eo o tlo kena ho yona"
    },
    "show_attribute": {
        "no": "Vis innhold",
        "nn": "Vis innhald",
        "sv": "Visa samtycke",
        "es": "Mostrart consentimiento",
        "nl": "Toon inhoud",
        "sl": "Prika\u017ei vsebino",
        "da": "Vis indhold",
        "de": "Zeige Inhalt",
        "pt": "Mostrar conte\u00fado",
        "fr": "Montrer le contenu",
        "hr": "Prika\u017ei sadr\u017eaj",
        "it": "Mostra contenuto",
        "hu": "R\u00e9szletek",
        "lt": "Parodyti leidim\u0105",
        "ja": "\u5185\u5bb9\u3092\u8868\u793a\u3059\u308b",
        "zh-tw": "\u986f\u793a\u5167\u5bb9",
        "pl": "Wy\u015bwietl zawarto\u015b\u0107",
        "et": "N\u00e4ita sisu",
        "he": "\u05d4\u05e6\u05d2 \u05ea\u05d5\u05db\u05df",
        "pt-br": "Mostrar Conte\u00fado",
        "zh": "\u663e\u793a\u5185\u5bb9",
        "ar": "\u0627\u0638\u0647\u0631\u0627\u0644\u064a\u0647\u0627 \u0638\u0647\u0631 \u0627\u0644\u0645\u062d\u062a\u0648\u064a",
        "lv": "R\u0101d\u012bt saturu",
        "id": "Perlihatkan konten",
        "sr": "Prika\u017ei sadr\u017eaj",
        "ro": "Arat\u0103 con\u021binutul",
        "ru": "\u041f\u043e\u043a\u0430\u0437\u0430\u0442\u044c \u0441\u043e\u0434\u0435\u0440\u0436\u0438\u043c\u043e\u0435",
        "cs": "Zobrazit obsah",
        "eu": "Erakutsi onespena",
        "af": "Vertoon inhoud",
        "el": "\u0395\u03bc\u03c6\u03ac\u03bd\u03b9\u03c3\u03b7 \u03bb\u03b5\u03c0\u03c4\u03bf\u03bc\u03b5\u03c1\u03b5\u03b9\u03ce\u03bd",
        "zu": "Bonisa izici",
        "xh": "Bonisa iimpawu"
    },
    "abort": {
        "no": "Avbryt innlogging til SPNAME",
        "nn": "Avbryt innlogging til SPNAME",
        "lt": "At\u0161aukti prisijungim\u0105 prie SPNAME",
        "sr": "Prekini prijavu na SPNAME",
        "it": "Login interrotto a SPNAME",
        "fr": "Annuler la connexion au fournisseur de service SPNAME",
        "de": "Anmeldung am Service Provider SPNAME abbrechen",
        "et": "Katkesta sisselogimine: SPNAME",
        "nl": "Inloggen op SPNAME afbreken",
        "es": "Cancelar la identificaci\u00f3n en SPNAME",
        "ro": "Anuleaz\u0103 cererea de autentificare la SPNAME",
        "ar": "\u0625\u0644\u063a\u0627\u0621 \u0639\u0645\u0644\u064a\u0629 \u0627\u0644\u062f\u062e\u0648\u0644 \u0644SPNAME",
        "ru": "\u041f\u0440\u0435\u043a\u0440\u0430\u0442\u0438\u0442\u044c \u043b\u043e\u0433\u0438\u043d \u0432 SPNAME",
        "cs": "Zru\u0161it p\u0159ihl\u00e1\u0161en\u00ed k SPNAME",
        "hr": "Odustani od prijave u SPNAME",
        "zh": "\u4e2d\u6b62\u767b\u5f55\u5230SPNAME",
        "eu": "Bertan behera utzi zerbitzuan identifikazioa",
        "zh-tw": "\u95dc\u65bc\u767b\u5165\u81f3 SPNAME",
        "da": "Afbryd login til SPNAME",
        "af": "Kanseleer aanmelding na SPNAME",
        "el": "\u0391\u03ba\u03cd\u03c1\u03c9\u03c3\u03b7 \u03b5\u03b9\u03c3\u03cc\u03b4\u03bf\u03c5 \u03c3\u03c4\u03b7\u03bd \u03c5\u03c0\u03b7\u03c1\u03b5\u03c3\u03af\u03b1 SPNAME",
        "xh": "Yeka ungeno kwi-SPNAME",
        "zu": "Yeka ukungena ku-SPNAME",
        "sl": "Prekini prijavo na SPNAME",
        "st": "Kgaotsa keno ho SPNAME"
    }
}
